management_id,title,comment,platform,大ジャンル,小ジャンル,purchase_price,sold_price,shipping_fee,sales_fee_rate,status,sold_at
"DUMMY-202501-0001","ブルー シャツ 良品","CSVダミーデータ 2025年1月 売上・利益・ジャンル分析検証用","ヤフオク","トップス","シャツ","2740","4000","230","10","sold","2025-01-29"
"DUMMY-202501-0002","ブラック ショートパンツ 一点物","CSVダミーデータ 2025年1月 売上・利益・ジャンル分析検証用","ラクマ","ボトムス","ショートパンツ","2900","3700","210","10","sold","2025-01-15"
"DUMMY-202501-0003","カーキ ナイロンジャケット ストリート","CSVダミーデータ 2025年1月 売上・利益・ジャンル分析検証用","Yahooフリマ","アウター","ナイロンジャケット","7190","15100","750","5","sold","2025-01-07"
"DUMMY-202501-0004","ブルー スニーカー 一点物","CSVダミーデータ 2025年1月 売上・利益・ジャンル分析検証用","ラクマ","シューズ","スニーカー","3740","4200","850","10","sold","2025-01-27"
"DUMMY-202501-0005","ベージュ リュック 一点物","CSVダミーデータ 2025年1月 売上・利益・ジャンル分析検証用","Yahooフリマ","バッグ","リュック","2770","5700","520","5","sold","2025-01-08"
"DUMMY-202501-0006","ブラック トートバッグ ヴィンテージ","CSVダミーデータ 2025年1月 売上・利益・ジャンル分析検証用","ヤフオク","バッグ","トートバッグ","4190","8300","520","10","sold","2025-01-23"
"DUMMY-202501-0007","グリーン チノパン ヴィンテージ","CSVダミーデータ 2025年1月 売上・利益・ジャンル分析検証用","ラクマ","ボトムス","チノパン","3350","5300","450","10","sold","2025-01-04"
"DUMMY-202502-0008","ブラウン ニット 美品","CSVダミーデータ 2025年2月 売上・利益・ジャンル分析検証用","ヤフオク","トップス","ニット","2310","5300","230","10","sold","2025-02-28"
"DUMMY-202502-0009","ブラック Gジャン 訳あり","CSVダミーデータ 2025年2月 売上・利益・ジャンル分析検証用","メルカリ","アウター","Gジャン","6090","13700","1000","10","sold","2025-02-18"
"DUMMY-202502-0010","ブルー シャツ ストリート","CSVダミーデータ 2025年2月 売上・利益・ジャンル分析検証用","ヤフオク","トップス","シャツ","2570","6100","520","10","sold","2025-02-10"
"DUMMY-202502-0011","ブラック スウェット 使用感あり","CSVダミーデータ 2025年2月 売上・利益・ジャンル分析検証用","ヤフオク","トップス","スウェット","3110","4700","450","10","sold","2025-02-03"
"DUMMY-202502-0012","ブルー パーカー 90s","CSVダミーデータ 2025年2月 売上・利益・ジャンル分析検証用","その他","トップス","パーカー","2990","7400","210","0","sold","2025-02-03"
"DUMMY-202502-0013","パープル パーカー 良品","CSVダミーデータ 2025年2月 売上・利益・ジャンル分析検証用 / 未売却ダミー","メルカリ","トップス","パーカー","2100","0","0","10","selling",""
"DUMMY-202502-0014","ネイビー その他 人気ブランド","CSVダミーデータ 2025年2月 売上・利益・ジャンル分析検証用","ヤフオク","その他","その他","1720","2700","230","10","sold","2025-02-26"
"DUMMY-202502-0015","ベージュ ブーツ 90s","CSVダミーデータ 2025年2月 売上・利益・ジャンル分析検証用 / 未売却ダミー","ヤフオク","シューズ","ブーツ","3380","0","0","10","selling",""
"DUMMY-202502-0016","パープル ブーツ ヴィンテージ","CSVダミーデータ 2025年2月 売上・利益・ジャンル分析検証用 / 下書きダミー","ラクマ","シューズ","ブーツ","3670","0","0","10","draft",""
"DUMMY-202502-0017","ネイビー Tシャツ きれいめ","CSVダミーデータ 2025年2月 売上・利益・ジャンル分析検証用","メルカリ","トップス","Tシャツ","2960","6300","230","10","sold","2025-02-06"
"DUMMY-202502-0018","レッド トートバッグ 良品","CSVダミーデータ 2025年2月 売上・利益・ジャンル分析検証用","メルカリ","バッグ","トートバッグ","2890","6800","520","10","sold","2025-02-22"
"DUMMY-202503-0019","ブルー シャツ ストリート","CSVダミーデータ 2025年3月 売上・利益・ジャンル分析検証用","メルカリ","トップス","シャツ","2340","5300","230","10","sold","2025-03-28"
"DUMMY-202503-0020","ネイビー ダウン 90s","CSVダミーデータ 2025年3月 売上・利益・ジャンル分析検証用","メルカリ","アウター","ダウン","5990","17800","1400","10","sold","2025-03-10"
"DUMMY-202503-0021","ホワイト ショートパンツ ヴィンテージ","CSVダミーデータ 2025年3月 売上・利益・ジャンル分析検証用","ヤフオク","ボトムス","ショートパンツ","2150","4000","450","10","sold","2025-03-30"
"DUMMY-202503-0022","カーキ スウェット 使用感あり","CSVダミーデータ 2025年3月 売上・利益・ジャンル分析検証用","ラクマ","トップス","スウェット","2870","7600","230","10","sold","2025-03-10"
"DUMMY-202503-0023","ブラウン デニム 良品","CSVダミーデータ 2025年3月 売上・利益・ジャンル分析検証用","メルカリ","ボトムス","デニム","3700","10300","210","10","sold","2025-03-20"
"DUMMY-202503-0024","ネイビー Gジャン 美品","CSVダミーデータ 2025年3月 売上・利益・ジャンル分析検証用","メルカリ","アウター","Gジャン","6750","12400","1000","10","sold","2025-03-13"
"DUMMY-202503-0025","レッド コート ヴィンテージ","CSVダミーデータ 2025年3月 売上・利益・ジャンル分析検証用","メルカリ","アウター","コート","4210","9000","850","10","sold","2025-03-27"
"DUMMY-202503-0026","イエロー シャツ ストリート","CSVダミーデータ 2025年3月 売上・利益・ジャンル分析検証用","ヤフオク","トップス","シャツ","3130","5500","450","10","sold","2025-03-25"
"DUMMY-202503-0027","カーキ 帽子 ヴィンテージ","CSVダミーデータ 2025年3月 売上・利益・ジャンル分析検証用","メルカリ","アクセサリー","帽子","2160","4800","300","10","sold","2025-03-15"
"DUMMY-202503-0028","ネイビー スニーカー 美品","CSVダミーデータ 2025年3月 売上・利益・ジャンル分析検証用","メルカリ","シューズ","スニーカー","2320","5800","520","10","sold","2025-03-22"
"DUMMY-202503-0029","グリーン Tシャツ 使用感あり","CSVダミーデータ 2025年3月 売上・利益・ジャンル分析検証用","ラクマ","トップス","Tシャツ","1710","5100","520","10","sold","2025-03-29"
"DUMMY-202503-0030","パープル コート 一点物","CSVダミーデータ 2025年3月 売上・利益・ジャンル分析検証用","ヤフオク","アウター","コート","6630","18800","750","10","sold","2025-03-12"
"DUMMY-202503-0031","グリーン シャツ ヴィンテージ","CSVダミーデータ 2025年3月 売上・利益・ジャンル分析検証用","ヤフオク","トップス","シャツ","3440","8500","520","10","sold","2025-03-10"
"DUMMY-202503-0032","レッド Gジャン 美品","CSVダミーデータ 2025年3月 売上・利益・ジャンル分析検証用","その他","アウター","Gジャン","7340","14200","750","0","sold","2025-03-13"
"DUMMY-202503-0033","ベージュ パーカー 使用感あり","CSVダミーデータ 2025年3月 売上・利益・ジャンル分析検証用 / 下書きダミー","メルカリ","トップス","パーカー","3120","0","0","10","draft",""
"DUMMY-202503-0034","ネイビー デニム 90s","CSVダミーデータ 2025年3月 売上・利益・ジャンル分析検証用","ヤフオク","ボトムス","デニム","2190","5400","210","10","sold","2025-03-29"
"DUMMY-202503-0035","レッド コート 人気ブランド","CSVダミーデータ 2025年3月 売上・利益・ジャンル分析検証用","メルカリ","アウター","コート","3870","11500","1000","10","sold","2025-03-19"
"DUMMY-202503-0036","ベージュ その他 ヴィンテージ","CSVダミーデータ 2025年3月 売上・利益・ジャンル分析検証用","ヤフオク","その他","その他","1610","3000","520","10","sold","2025-03-14"
"DUMMY-202504-0037","グレー ニット ヴィンテージ","CSVダミーデータ 2025年4月 売上・利益・ジャンル分析検証用 / 下書きダミー","Yahooフリマ","トップス","ニット","3290","0","0","5","draft",""
"DUMMY-202504-0038","ベージュ パーカー ストリート","CSVダミーデータ 2025年4月 売上・利益・ジャンル分析検証用","Yahooフリマ","トップス","パーカー","2380","6100","450","5","sold","2025-04-14"
"DUMMY-202504-0039","ブラウン スウェット ヴィンテージ","CSVダミーデータ 2025年4月 売上・利益・ジャンル分析検証用 / 未売却ダミー","ヤフオク","トップス","スウェット","3320","0","0","10","selling",""
"DUMMY-202504-0040","ブラウン サンダル 一点物","CSVダミーデータ 2025年4月 売上・利益・ジャンル分析検証用","Yahooフリマ","シューズ","サンダル","3530","9500","850","5","sold","2025-04-12"
"DUMMY-202504-0041","ブラウン Tシャツ 一点物","CSVダミーデータ 2025年4月 売上・利益・ジャンル分析検証用","メルカリ","トップス","Tシャツ","2120","4400","520","10","sold","2025-04-21"
"DUMMY-202504-0042","ブラウン スニーカー 90s","CSVダミーデータ 2025年4月 売上・利益・ジャンル分析検証用 / 未売却ダミー","ヤフオク","シューズ","スニーカー","4220","0","0","10","selling",""
"DUMMY-202504-0043","ネイビー スラックス きれいめ","CSVダミーデータ 2025年4月 売上・利益・ジャンル分析検証用","メルカリ","ボトムス","スラックス","2370","4900","450","10","sold","2025-04-13"
"DUMMY-202504-0044","ホワイト コート 一点物","CSVダミーデータ 2025年4月 売上・利益・ジャンル分析検証用","メルカリ","アウター","コート","7050","9700","1400","10","sold","2025-04-14"
"DUMMY-202504-0045","グリーン パーカー 90s","CSVダミーデータ 2025年4月 売上・利益・ジャンル分析検証用 / 未売却ダミー","ヤフオク","トップス","パーカー","3190","0","0","10","selling",""
"DUMMY-202504-0046","ネイビー ニット 良品","CSVダミーデータ 2025年4月 売上・利益・ジャンル分析検証用","メルカリ","トップス","ニット","2130","3900","230","10","sold","2025-04-29"
"DUMMY-202504-0047","パープル Tシャツ 使用感あり","CSVダミーデータ 2025年4月 売上・利益・ジャンル分析検証用","その他","トップス","Tシャツ","1650","4200","750","0","sold","2025-04-30"
"DUMMY-202504-0048","ブルー チノパン 一点物","CSVダミーデータ 2025年4月 売上・利益・ジャンル分析検証用","ヤフオク","ボトムス","チノパン","3290","5700","230","10","sold","2025-04-16"
"DUMMY-202504-0049","ブルー パーカー 一点物","CSVダミーデータ 2025年4月 売上・利益・ジャンル分析検証用","Yahooフリマ","トップス","パーカー","2850","4900","230","5","sold","2025-04-16"
"DUMMY-202505-0050","ブラック その他 美品","CSVダミーデータ 2025年5月 売上・利益・ジャンル分析検証用","メルカリ","その他","その他","1660","5400","750","10","sold","2025-05-23"
"DUMMY-202505-0051","パープル ナイロンジャケット 美品","CSVダミーデータ 2025年5月 売上・利益・ジャンル分析検証用","Yahooフリマ","アウター","ナイロンジャケット","7580","25700","1400","5","sold","2025-05-07"
"DUMMY-202505-0052","パープル 腕時計 ストリート","CSVダミーデータ 2025年5月 売上・利益・ジャンル分析検証用","ヤフオク","アクセサリー","腕時計","2160","6300","230","10","sold","2025-05-23"
"DUMMY-202505-0053","パープル パーカー ヴィンテージ","CSVダミーデータ 2025年5月 売上・利益・ジャンル分析検証用","メルカリ","トップス","パーカー","2470","6200","750","10","sold","2025-05-16"
"DUMMY-202505-0054","レッド レザージャケット 使用感あり","CSVダミーデータ 2025年5月 売上・利益・ジャンル分析検証用","ヤフオク","アウター","レザージャケット","6970","21800","1400","10","sold","2025-05-13"
"DUMMY-202505-0055","レッド サンダル 美品","CSVダミーデータ 2025年5月 売上・利益・ジャンル分析検証用","ラクマ","シューズ","サンダル","4330","11700","750","10","sold","2025-05-22"
"DUMMY-202505-0056","グレー デニム 訳あり","CSVダミーデータ 2025年5月 売上・利益・ジャンル分析検証用","メルカリ","ボトムス","デニム","3520","4400","520","10","sold","2025-05-12"
"DUMMY-202505-0057","カーキ デニム ヴィンテージ","CSVダミーデータ 2025年5月 売上・利益・ジャンル分析検証用","Yahooフリマ","ボトムス","デニム","1930","4200","230","5","sold","2025-05-20"
"DUMMY-202505-0058","パープル その他 訳あり","CSVダミーデータ 2025年5月 売上・利益・ジャンル分析検証用","ヤフオク","その他","その他","900","1900","210","10","sold","2025-05-10"
"DUMMY-202505-0059","パープル Tシャツ 人気ブランド","CSVダミーデータ 2025年5月 売上・利益・ジャンル分析検証用","その他","トップス","Tシャツ","2640","8600","230","0","sold","2025-05-23"
"DUMMY-202505-0060","ネイビー 帽子 一点物","CSVダミーデータ 2025年5月 売上・利益・ジャンル分析検証用","その他","アクセサリー","帽子","2150","4700","300","0","sold","2025-05-21"
"DUMMY-202505-0061","ブルー レザージャケット 人気ブランド","CSVダミーデータ 2025年5月 売上・利益・ジャンル分析検証用 / 未売却ダミー","メルカリ","アウター","レザージャケット","4910","0","0","10","selling",""
"DUMMY-202505-0062","イエロー サンダル 訳あり","CSVダミーデータ 2025年5月 売上・利益・ジャンル分析検証用","メルカリ","シューズ","サンダル","2800","5300","1000","10","sold","2025-05-21"
"DUMMY-202505-0063","カーキ スラックス ヴィンテージ","CSVダミーデータ 2025年5月 売上・利益・ジャンル分析検証用 / 未売却ダミー","メルカリ","ボトムス","スラックス","2470","0","0","10","selling",""
"DUMMY-202505-0064","ネイビー ブーツ 美品","CSVダミーデータ 2025年5月 売上・利益・ジャンル分析検証用","メルカリ","シューズ","ブーツ","3110","7900","520","10","sold","2025-05-22"
"DUMMY-202505-0065","ブラウン トートバッグ 90s","CSVダミーデータ 2025年5月 売上・利益・ジャンル分析検証用 / 未売却ダミー","メルカリ","バッグ","トートバッグ","2950","0","0","10","selling",""
"DUMMY-202505-0066","ホワイト ダウン 90s","CSVダミーデータ 2025年5月 売上・利益・ジャンル分析検証用","ヤフオク","アウター","ダウン","4670","9700","1400","10","sold","2025-05-28"
"DUMMY-202505-0067","ベージュ デニム 使用感あり","CSVダミーデータ 2025年5月 売上・利益・ジャンル分析検証用","Yahooフリマ","ボトムス","デニム","2470","7800","450","5","sold","2025-05-31"
"DUMMY-202505-0068","ネイビー スウェット きれいめ","CSVダミーデータ 2025年5月 売上・利益・ジャンル分析検証用","メルカリ","トップス","スウェット","3310","8300","450","10","sold","2025-05-20"
"DUMMY-202505-0069","ブラウン スラックス きれいめ","CSVダミーデータ 2025年5月 売上・利益・ジャンル分析検証用 / 未売却ダミー","ヤフオク","ボトムス","スラックス","2840","0","0","10","selling",""
"DUMMY-202505-0070","グリーン ショートパンツ 使用感あり","CSVダミーデータ 2025年5月 売上・利益・ジャンル分析検証用","メルカリ","ボトムス","ショートパンツ","2350","5500","750","10","sold","2025-05-29"
"DUMMY-202505-0071","グリーン ショルダーバッグ 良品","CSVダミーデータ 2025年5月 売上・利益・ジャンル分析検証用","その他","バッグ","ショルダーバッグ","4380","10000","850","0","sold","2025-05-18"
"DUMMY-202505-0072","ネイビー 腕時計 良品","CSVダミーデータ 2025年5月 売上・利益・ジャンル分析検証用","ヤフオク","アクセサリー","腕時計","1620","4200","210","10","sold","2025-05-10"
"DUMMY-202506-0073","ブラウン ブーツ 一点物","CSVダミーデータ 2025年6月 売上・利益・ジャンル分析検証用","ラクマ","シューズ","ブーツ","3620","5500","850","10","sold","2025-06-19"
"DUMMY-202506-0074","ブラウン ナイロンジャケット ヴィンテージ","CSVダミーデータ 2025年6月 売上・利益・ジャンル分析検証用","Yahooフリマ","アウター","ナイロンジャケット","4550","5400","1200","5","sold","2025-06-29"
"DUMMY-202506-0075","カーキ スニーカー 使用感あり","CSVダミーデータ 2025年6月 売上・利益・ジャンル分析検証用","Yahooフリマ","シューズ","スニーカー","4260","9900","1000","5","sold","2025-06-10"
"DUMMY-202506-0076","ブルー リュック ストリート","CSVダミーデータ 2025年6月 売上・利益・ジャンル分析検証用","ラクマ","バッグ","リュック","3960","9200","1000","10","sold","2025-06-17"
"DUMMY-202506-0077","パープル スウェット 一点物","CSVダミーデータ 2025年6月 売上・利益・ジャンル分析検証用","ヤフオク","トップス","スウェット","1940","3200","750","10","sold","2025-06-24"
"DUMMY-202506-0078","ホワイト ショルダーバッグ 美品","CSVダミーデータ 2025年6月 売上・利益・ジャンル分析検証用","ヤフオク","バッグ","ショルダーバッグ","3370","7300","1000","10","sold","2025-06-26"
"DUMMY-202506-0079","カーキ ダウン きれいめ","CSVダミーデータ 2025年6月 売上・利益・ジャンル分析検証用","Yahooフリマ","アウター","ダウン","6290","9200","1000","5","sold","2025-06-14"
"DUMMY-202506-0080","ブラウン パーカー きれいめ","CSVダミーデータ 2025年6月 売上・利益・ジャンル分析検証用","ヤフオク","トップス","パーカー","2930","5900","520","10","sold","2025-06-08"
"DUMMY-202506-0081","パープル スニーカー 人気ブランド","CSVダミーデータ 2025年6月 売上・利益・ジャンル分析検証用","メルカリ","シューズ","スニーカー","4100","11000","520","10","sold","2025-06-11"
"DUMMY-202507-0082","グレー パーカー 美品","CSVダミーデータ 2025年7月 売上・利益・ジャンル分析検証用","ヤフオク","トップス","パーカー","3070","9600","450","10","sold","2025-07-11"
"DUMMY-202507-0083","グレー レザージャケット 人気ブランド","CSVダミーデータ 2025年7月 売上・利益・ジャンル分析検証用","Yahooフリマ","アウター","レザージャケット","5410","15000","850","5","sold","2025-07-04"
"DUMMY-202507-0084","ベージュ ナイロンジャケット ヴィンテージ","CSVダミーデータ 2025年7月 売上・利益・ジャンル分析検証用","ヤフオク","アウター","ナイロンジャケット","5350","10000","1400","10","sold","2025-07-24"
"DUMMY-202507-0085","イエロー ナイロンジャケット 使用感あり","CSVダミーデータ 2025年7月 売上・利益・ジャンル分析検証用","メルカリ","アウター","ナイロンジャケット","5620","9800","1400","10","sold","2025-07-24"
"DUMMY-202507-0086","イエロー ショートパンツ 一点物","CSVダミーデータ 2025年7月 売上・利益・ジャンル分析検証用","メルカリ","ボトムス","ショートパンツ","2010","4000","210","10","sold","2025-07-14"
"DUMMY-202507-0087","パープル デニム きれいめ","CSVダミーデータ 2025年7月 売上・利益・ジャンル分析検証用","Yahooフリマ","ボトムス","デニム","3080","6900","450","5","sold","2025-07-08"
"DUMMY-202507-0088","ブルー ショートパンツ 人気ブランド","CSVダミーデータ 2025年7月 売上・利益・ジャンル分析検証用","メルカリ","ボトムス","ショートパンツ","2980","5200","450","10","sold","2025-07-18"
"DUMMY-202507-0089","ベージュ ブーツ 訳あり","CSVダミーデータ 2025年7月 売上・利益・ジャンル分析検証用 / 未売却ダミー","メルカリ","シューズ","ブーツ","3000","0","0","10","selling",""
"DUMMY-202507-0090","イエロー スニーカー きれいめ","CSVダミーデータ 2025年7月 売上・利益・ジャンル分析検証用","Yahooフリマ","シューズ","スニーカー","3180","8800","520","5","sold","2025-07-22"
"DUMMY-202507-0091","レッド ショルダーバッグ 美品","CSVダミーデータ 2025年7月 売上・利益・ジャンル分析検証用","Yahooフリマ","バッグ","ショルダーバッグ","3310","6400","1000","5","sold","2025-07-03"
"DUMMY-202507-0092","ベージュ スラックス ストリート","CSVダミーデータ 2025年7月 売上・利益・ジャンル分析検証用","ヤフオク","ボトムス","スラックス","3050","6500","520","10","sold","2025-07-22"
"DUMMY-202507-0093","グレー ニット 人気ブランド","CSVダミーデータ 2025年7月 売上・利益・ジャンル分析検証用","ラクマ","トップス","ニット","2650","5100","750","10","sold","2025-07-08"
"DUMMY-202507-0094","グリーン チノパン きれいめ","CSVダミーデータ 2025年7月 売上・利益・ジャンル分析検証用","Yahooフリマ","ボトムス","チノパン","3480","9000","230","5","sold","2025-07-28"
"DUMMY-202507-0095","ベージュ コート ストリート","CSVダミーデータ 2025年7月 売上・利益・ジャンル分析検証用","ラクマ","アウター","コート","5650","9600","850","10","sold","2025-07-20"
"DUMMY-202507-0096","カーキ ニット ヴィンテージ","CSVダミーデータ 2025年7月 売上・利益・ジャンル分析検証用","Yahooフリマ","トップス","ニット","2220","5300","750","5","sold","2025-07-07"
"DUMMY-202507-0097","パープル その他 ヴィンテージ","CSVダミーデータ 2025年7月 売上・利益・ジャンル分析検証用 / 未売却ダミー","メルカリ","その他","その他","1720","0","0","10","selling",""
"DUMMY-202508-0098","ブラック スウェット 訳あり","CSVダミーデータ 2025年8月 売上・利益・ジャンル分析検証用","Yahooフリマ","トップス","スウェット","1920","4600","750","5","sold","2025-08-28"
"DUMMY-202508-0099","ベージュ その他 ヴィンテージ","CSVダミーデータ 2025年8月 売上・利益・ジャンル分析検証用","メルカリ","その他","その他","970","3200","210","10","sold","2025-08-31"
"DUMMY-202508-0100","グレー Gジャン 訳あり","CSVダミーデータ 2025年8月 売上・利益・ジャンル分析検証用","Yahooフリマ","アウター","Gジャン","7850","16900","1400","5","sold","2025-08-01"
"DUMMY-202508-0101","カーキ レザージャケット ストリート","CSVダミーデータ 2025年8月 売上・利益・ジャンル分析検証用","Yahooフリマ","アウター","レザージャケット","6350","19000","750","5","sold","2025-08-25"
"DUMMY-202508-0102","ブルー 革靴 訳あり","CSVダミーデータ 2025年8月 売上・利益・ジャンル分析検証用","Yahooフリマ","シューズ","革靴","3920","7900","850","5","sold","2025-08-21"
"DUMMY-202508-0103","ブラウン 革靴 良品","CSVダミーデータ 2025年8月 売上・利益・ジャンル分析検証用","Yahooフリマ","シューズ","革靴","4460","14300","1000","5","sold","2025-08-22"
"DUMMY-202508-0104","ブラック 腕時計 美品","CSVダミーデータ 2025年8月 売上・利益・ジャンル分析検証用","ヤフオク","アクセサリー","腕時計","1300","3000","210","10","sold","2025-08-20"
"DUMMY-202508-0105","カーキ Tシャツ ストリート","CSVダミーデータ 2025年8月 売上・利益・ジャンル分析検証用","ラクマ","トップス","Tシャツ","2260","5100","230","10","sold","2025-08-13"
"DUMMY-202508-0106","ホワイト ニット 良品","CSVダミーデータ 2025年8月 売上・利益・ジャンル分析検証用","メルカリ","トップス","ニット","2790","6000","520","10","sold","2025-08-06"
"DUMMY-202508-0107","ブラック スウェット 美品","CSVダミーデータ 2025年8月 売上・利益・ジャンル分析検証用","Yahooフリマ","トップス","スウェット","3080","11100","750","5","sold","2025-08-16"
"DUMMY-202508-0108","ベージュ 革靴 訳あり","CSVダミーデータ 2025年8月 売上・利益・ジャンル分析検証用","ラクマ","シューズ","革靴","3900","4900","750","10","sold","2025-08-17"
"DUMMY-202508-0109","パープル ニット 一点物","CSVダミーデータ 2025年8月 売上・利益・ジャンル分析検証用","ヤフオク","トップス","ニット","2030","5000","520","10","sold","2025-08-27"
"DUMMY-202508-0110","ブルー ショートパンツ 一点物","CSVダミーデータ 2025年8月 売上・利益・ジャンル分析検証用","メルカリ","ボトムス","ショートパンツ","2440","4300","750","10","sold","2025-08-19"
"DUMMY-202508-0111","イエロー ボストンバッグ ストリート","CSVダミーデータ 2025年8月 売上・利益・ジャンル分析検証用","ヤフオク","バッグ","ボストンバッグ","3850","12400","850","10","sold","2025-08-16"
"DUMMY-202508-0112","ホワイト 革靴 90s","CSVダミーデータ 2025年8月 売上・利益・ジャンル分析検証用 / 下書きダミー","メルカリ","シューズ","革靴","4220","0","0","10","draft",""
"DUMMY-202508-0113","レッド パーカー 訳あり","CSVダミーデータ 2025年8月 売上・利益・ジャンル分析検証用","メルカリ","トップス","パーカー","2220","6500","450","10","sold","2025-08-01"
"DUMMY-202508-0114","ブラウン Tシャツ ヴィンテージ","CSVダミーデータ 2025年8月 売上・利益・ジャンル分析検証用","その他","トップス","Tシャツ","2430","4100","210","0","sold","2025-08-13"
"DUMMY-202508-0115","カーキ デニム ヴィンテージ","CSVダミーデータ 2025年8月 売上・利益・ジャンル分析検証用","Yahooフリマ","ボトムス","デニム","2250","6700","520","5","sold","2025-08-01"
"DUMMY-202508-0116","ベージュ スラックス 人気ブランド","CSVダミーデータ 2025年8月 売上・利益・ジャンル分析検証用","ラクマ","ボトムス","スラックス","2930","8000","750","10","sold","2025-08-06"
"DUMMY-202508-0117","イエロー シャツ 90s","CSVダミーデータ 2025年8月 売上・利益・ジャンル分析検証用","メルカリ","トップス","シャツ","2350","7000","520","10","sold","2025-08-16"
"DUMMY-202508-0118","グリーン レザージャケット 美品","CSVダミーデータ 2025年8月 売上・利益・ジャンル分析検証用","ヤフオク","アウター","レザージャケット","7920","20800","1200","10","sold","2025-08-04"
"DUMMY-202508-0119","グリーン その他 一点物","CSVダミーデータ 2025年8月 売上・利益・ジャンル分析検証用","ヤフオク","その他","その他","1790","4000","450","10","sold","2025-08-02"
"DUMMY-202508-0120","イエロー チノパン 一点物","CSVダミーデータ 2025年8月 売上・利益・ジャンル分析検証用","Yahooフリマ","ボトムス","チノパン","3080","6700","750","5","sold","2025-08-29"
"DUMMY-202508-0121","レッド パーカー 一点物","CSVダミーデータ 2025年8月 売上・利益・ジャンル分析検証用","ヤフオク","トップス","パーカー","3060","8700","210","10","sold","2025-08-10"
"DUMMY-202508-0122","グレー トートバッグ 90s","CSVダミーデータ 2025年8月 売上・利益・ジャンル分析検証用","Yahooフリマ","バッグ","トートバッグ","3680","8500","750","5","sold","2025-08-05"
"DUMMY-202508-0123","ブラウン その他 訳あり","CSVダミーデータ 2025年8月 売上・利益・ジャンル分析検証用","メルカリ","その他","その他","1210","2300","230","10","sold","2025-08-12"
"DUMMY-202508-0124","グリーン スニーカー 人気ブランド","CSVダミーデータ 2025年8月 売上・利益・ジャンル分析検証用","メルカリ","シューズ","スニーカー","4260","8600","750","10","sold","2025-08-03"
"DUMMY-202508-0125","グリーン ベルト 一点物","CSVダミーデータ 2025年8月 売上・利益・ジャンル分析検証用","ヤフオク","アクセサリー","ベルト","1790","4900","230","10","sold","2025-08-10"
"DUMMY-202509-0126","ホワイト スラックス 美品","CSVダミーデータ 2025年9月 売上・利益・ジャンル分析検証用","ヤフオク","ボトムス","スラックス","3110","6500","230","10","sold","2025-09-13"
"DUMMY-202509-0127","ホワイト ダウン ストリート","CSVダミーデータ 2025年9月 売上・利益・ジャンル分析検証用","ヤフオク","アウター","ダウン","4710","8600","1400","10","sold","2025-09-04"
"DUMMY-202509-0128","ブルー 帽子 美品","CSVダミーデータ 2025年9月 売上・利益・ジャンル分析検証用 / 未売却ダミー","メルカリ","アクセサリー","帽子","2200","0","0","10","selling",""
"DUMMY-202509-0129","イエロー 腕時計 90s","CSVダミーデータ 2025年9月 売上・利益・ジャンル分析検証用","Yahooフリマ","アクセサリー","腕時計","1030","1400","210","5","sold","2025-09-22"
"DUMMY-202509-0130","ネイビー スラックス ストリート","CSVダミーデータ 2025年9月 売上・利益・ジャンル分析検証用","Yahooフリマ","ボトムス","スラックス","2930","5200","450","5","sold","2025-09-26"
"DUMMY-202509-0131","ブラック ネックレス きれいめ","CSVダミーデータ 2025年9月 売上・利益・ジャンル分析検証用","メルカリ","アクセサリー","ネックレス","2030","4100","300","10","sold","2025-09-07"
"DUMMY-202509-0132","ブラウン リュック 美品","CSVダミーデータ 2025年9月 売上・利益・ジャンル分析検証用","Yahooフリマ","バッグ","リュック","3600","8500","750","5","sold","2025-09-24"
"DUMMY-202509-0133","パープル コート 良品","CSVダミーデータ 2025年9月 売上・利益・ジャンル分析検証用","メルカリ","アウター","コート","3890","7600","750","10","sold","2025-09-09"
"DUMMY-202509-0134","ブルー Tシャツ 美品","CSVダミーデータ 2025年9月 売上・利益・ジャンル分析検証用","ヤフオク","トップス","Tシャツ","2000","3500","520","10","sold","2025-09-15"
"DUMMY-202509-0135","ネイビー ナイロンジャケット きれいめ","CSVダミーデータ 2025年9月 売上・利益・ジャンル分析検証用","メルカリ","アウター","ナイロンジャケット","4800","11500","850","10","sold","2025-09-26"
"DUMMY-202509-0136","グレー リュック 使用感あり","CSVダミーデータ 2025年9月 売上・利益・ジャンル分析検証用","ヤフオク","バッグ","リュック","3900","8600","1000","10","sold","2025-09-24"
"DUMMY-202509-0137","カーキ ショートパンツ 使用感あり","CSVダミーデータ 2025年9月 売上・利益・ジャンル分析検証用","ヤフオク","ボトムス","ショートパンツ","3990","8200","230","10","sold","2025-09-19"
"DUMMY-202509-0138","イエロー ニット 人気ブランド","CSVダミーデータ 2025年9月 売上・利益・ジャンル分析検証用","メルカリ","トップス","ニット","3000","5400","750","10","sold","2025-09-15"
"DUMMY-202509-0139","グレー スラックス ヴィンテージ","CSVダミーデータ 2025年9月 売上・利益・ジャンル分析検証用","メルカリ","ボトムス","スラックス","3370","5100","520","10","sold","2025-09-27"
"DUMMY-202510-0140","ベージュ ニット 使用感あり","CSVダミーデータ 2025年10月 売上・利益・ジャンル分析検証用","Yahooフリマ","トップス","ニット","3290","8600","750","5","sold","2025-10-29"
"DUMMY-202510-0141","ベージュ チノパン 訳あり","CSVダミーデータ 2025年10月 売上・利益・ジャンル分析検証用","メルカリ","ボトムス","チノパン","3930","9800","520","10","sold","2025-10-13"
"DUMMY-202510-0142","ホワイト デニム 一点物","CSVダミーデータ 2025年10月 売上・利益・ジャンル分析検証用 / 未売却ダミー","メルカリ","ボトムス","デニム","2560","0","0","10","selling",""
"DUMMY-202510-0143","ホワイト ショートパンツ 一点物","CSVダミーデータ 2025年10月 売上・利益・ジャンル分析検証用","メルカリ","ボトムス","ショートパンツ","3740","7100","450","10","sold","2025-10-13"
"DUMMY-202510-0144","グレー ボストンバッグ 人気ブランド","CSVダミーデータ 2025年10月 売上・利益・ジャンル分析検証用","メルカリ","バッグ","ボストンバッグ","2190","8100","1000","10","sold","2025-10-19"
"DUMMY-202510-0145","ブルー パーカー 訳あり","CSVダミーデータ 2025年10月 売上・利益・ジャンル分析検証用","ヤフオク","トップス","パーカー","2890","5300","750","10","sold","2025-10-17"
"DUMMY-202510-0146","イエロー コート 訳あり","CSVダミーデータ 2025年10月 売上・利益・ジャンル分析検証用","Yahooフリマ","アウター","コート","8190","31000","750","5","sold","2025-10-29"
"DUMMY-202510-0147","ブラウン ナイロンジャケット 人気ブランド","CSVダミーデータ 2025年10月 売上・利益・ジャンル分析検証用","ヤフオク","アウター","ナイロンジャケット","7910","34100","1400","10","sold","2025-10-21"
"DUMMY-202510-0148","レッド 腕時計 良品","CSVダミーデータ 2025年10月 売上・利益・ジャンル分析検証用","Yahooフリマ","アクセサリー","腕時計","1350","4200","210","5","sold","2025-10-18"
"DUMMY-202510-0149","ネイビー ネックレス 90s","CSVダミーデータ 2025年10月 売上・利益・ジャンル分析検証用","ヤフオク","アクセサリー","ネックレス","1300","3000","230","10","sold","2025-10-26"
"DUMMY-202510-0150","イエロー レザージャケット 一点物","CSVダミーデータ 2025年10月 売上・利益・ジャンル分析検証用","その他","アウター","レザージャケット","4300","12100","850","0","sold","2025-10-28"
"DUMMY-202510-0151","ブラック チノパン 使用感あり","CSVダミーデータ 2025年10月 売上・利益・ジャンル分析検証用","メルカリ","ボトムス","チノパン","3880","7000","230","10","sold","2025-10-09"
"DUMMY-202510-0152","グリーン ブーツ 訳あり","CSVダミーデータ 2025年10月 売上・利益・ジャンル分析検証用","ヤフオク","シューズ","ブーツ","4170","10300","1000","10","sold","2025-10-12"
"DUMMY-202510-0153","グレー 革靴 きれいめ","CSVダミーデータ 2025年10月 売上・利益・ジャンル分析検証用","ラクマ","シューズ","革靴","2240","5200","1000","10","sold","2025-10-16"
"DUMMY-202510-0154","ブラック ブーツ 90s","CSVダミーデータ 2025年10月 売上・利益・ジャンル分析検証用","ラクマ","シューズ","ブーツ","2940","8500","750","10","sold","2025-10-25"
"DUMMY-202510-0155","グリーン パーカー ヴィンテージ","CSVダミーデータ 2025年10月 売上・利益・ジャンル分析検証用","ラクマ","トップス","パーカー","3170","11500","520","10","sold","2025-10-02"
"DUMMY-202510-0156","ブラック サンダル 使用感あり","CSVダミーデータ 2025年10月 売上・利益・ジャンル分析検証用","メルカリ","シューズ","サンダル","2500","9300","750","10","sold","2025-10-20"
"DUMMY-202510-0157","ホワイト スウェット ヴィンテージ","CSVダミーデータ 2025年10月 売上・利益・ジャンル分析検証用","ヤフオク","トップス","スウェット","1710","4300","230","10","sold","2025-10-27"
"DUMMY-202510-0158","ネイビー ナイロンジャケット 90s","CSVダミーデータ 2025年10月 売上・利益・ジャンル分析検証用","メルカリ","アウター","ナイロンジャケット","6030","29700","750","10","sold","2025-10-06"
"DUMMY-202510-0159","イエロー ブーツ きれいめ","CSVダミーデータ 2025年10月 売上・利益・ジャンル分析検証用","その他","シューズ","ブーツ","4090","16900","750","0","sold","2025-10-31"
"DUMMY-202510-0160","イエロー スウェット 訳あり","CSVダミーデータ 2025年10月 売上・利益・ジャンル分析検証用","メルカリ","トップス","スウェット","2760","6900","230","10","sold","2025-10-27"
"DUMMY-202510-0161","イエロー サンダル 人気ブランド","CSVダミーデータ 2025年10月 売上・利益・ジャンル分析検証用","メルカリ","シューズ","サンダル","3340","15400","750","10","sold","2025-10-22"
"DUMMY-202510-0162","グレー サンダル きれいめ","CSVダミーデータ 2025年10月 売上・利益・ジャンル分析検証用","Yahooフリマ","シューズ","サンダル","4480","18400","520","5","sold","2025-10-02"
"DUMMY-202510-0163","ベージュ スニーカー 一点物","CSVダミーデータ 2025年10月 売上・利益・ジャンル分析検証用 / 下書きダミー","メルカリ","シューズ","スニーカー","4370","0","0","10","draft",""
"DUMMY-202510-0164","ホワイト ショートパンツ 90s","CSVダミーデータ 2025年10月 売上・利益・ジャンル分析検証用","Yahooフリマ","ボトムス","ショートパンツ","3980","11900","230","5","sold","2025-10-09"
"DUMMY-202510-0165","イエロー サンダル 訳あり","CSVダミーデータ 2025年10月 売上・利益・ジャンル分析検証用","メルカリ","シューズ","サンダル","3820","5900","520","10","sold","2025-10-12"
"DUMMY-202510-0166","レッド Tシャツ 訳あり","CSVダミーデータ 2025年10月 売上・利益・ジャンル分析検証用","ヤフオク","トップス","Tシャツ","3280","7800","750","10","sold","2025-10-31"
"DUMMY-202510-0167","カーキ レザージャケット 人気ブランド","CSVダミーデータ 2025年10月 売上・利益・ジャンル分析検証用","メルカリ","アウター","レザージャケット","6270","26500","1000","10","sold","2025-10-14"
"DUMMY-202510-0168","ベージュ サンダル ストリート","CSVダミーデータ 2025年10月 売上・利益・ジャンル分析検証用","Yahooフリマ","シューズ","サンダル","2300","7600","750","5","sold","2025-10-04"
"DUMMY-202510-0169","ブラウン Gジャン ストリート","CSVダミーデータ 2025年10月 売上・利益・ジャンル分析検証用","メルカリ","アウター","Gジャン","4360","15600","1400","10","sold","2025-10-11"
"DUMMY-202510-0170","ホワイト ボストンバッグ 美品","CSVダミーデータ 2025年10月 売上・利益・ジャンル分析検証用","メルカリ","バッグ","ボストンバッグ","2550","10100","520","10","sold","2025-10-03"
"DUMMY-202511-0171","ブラック サンダル ストリート","CSVダミーデータ 2025年11月 売上・利益・ジャンル分析検証用","メルカリ","シューズ","サンダル","3320","6100","520","10","sold","2025-11-08"
"DUMMY-202511-0172","ブラック レザージャケット 美品","CSVダミーデータ 2025年11月 売上・利益・ジャンル分析検証用","ラクマ","アウター","レザージャケット","5530","24600","1400","10","sold","2025-11-24"
"DUMMY-202511-0173","グレー 革靴 ヴィンテージ","CSVダミーデータ 2025年11月 売上・利益・ジャンル分析検証用","Yahooフリマ","シューズ","革靴","3850","7500","850","5","sold","2025-11-21"
"DUMMY-202511-0174","イエロー パーカー 人気ブランド","CSVダミーデータ 2025年11月 売上・利益・ジャンル分析検証用","Yahooフリマ","トップス","パーカー","1860","6400","750","5","sold","2025-11-09"
"DUMMY-202511-0175","ブルー 革靴 きれいめ","CSVダミーデータ 2025年11月 売上・利益・ジャンル分析検証用 / 未売却ダミー","ヤフオク","シューズ","革靴","2720","0","0","10","selling",""
"DUMMY-202511-0176","ネイビー サンダル きれいめ","CSVダミーデータ 2025年11月 売上・利益・ジャンル分析検証用","Yahooフリマ","シューズ","サンダル","2810","6500","750","5","sold","2025-11-18"
"DUMMY-202511-0177","レッド チノパン ストリート","CSVダミーデータ 2025年11月 売上・利益・ジャンル分析検証用","ラクマ","ボトムス","チノパン","2800","7800","210","10","sold","2025-11-16"
"DUMMY-202511-0178","ホワイト ナイロンジャケット 訳あり","CSVダミーデータ 2025年11月 売上・利益・ジャンル分析検証用","メルカリ","アウター","ナイロンジャケット","4680","8700","750","10","sold","2025-11-07"
"DUMMY-202511-0179","カーキ サンダル 訳あり","CSVダミーデータ 2025年11月 売上・利益・ジャンル分析検証用","Yahooフリマ","シューズ","サンダル","3220","8700","850","5","sold","2025-11-26"
"DUMMY-202511-0180","ネイビー リュック 訳あり","CSVダミーデータ 2025年11月 売上・利益・ジャンル分析検証用","メルカリ","バッグ","リュック","3550","7500","850","10","sold","2025-11-15"
"DUMMY-202511-0181","ネイビー ナイロンジャケット 人気ブランド","CSVダミーデータ 2025年11月 売上・利益・ジャンル分析検証用","ヤフオク","アウター","ナイロンジャケット","6580","27200","1000","10","sold","2025-11-29"
"DUMMY-202511-0182","グリーン デニム 人気ブランド","CSVダミーデータ 2025年11月 売上・利益・ジャンル分析検証用 / 未売却ダミー","ラクマ","ボトムス","デニム","2150","0","0","10","selling",""
"DUMMY-202511-0183","パープル コート ヴィンテージ","CSVダミーデータ 2025年11月 売上・利益・ジャンル分析検証用","Yahooフリマ","アウター","コート","4100","14200","1400","5","sold","2025-11-25"
"DUMMY-202511-0184","イエロー ニット 90s","CSVダミーデータ 2025年11月 売上・利益・ジャンル分析検証用","Yahooフリマ","トップス","ニット","2560","7200","450","5","sold","2025-11-09"
"DUMMY-202511-0185","イエロー Tシャツ ヴィンテージ","CSVダミーデータ 2025年11月 売上・利益・ジャンル分析検証用","メルカリ","トップス","Tシャツ","1760","4000","450","10","sold","2025-11-15"
"DUMMY-202511-0186","レッド シャツ ヴィンテージ","CSVダミーデータ 2025年11月 売上・利益・ジャンル分析検証用","メルカリ","トップス","シャツ","2390","4200","750","10","sold","2025-11-27"
"DUMMY-202511-0187","ホワイト スニーカー 美品","CSVダミーデータ 2025年11月 売上・利益・ジャンル分析検証用","Yahooフリマ","シューズ","スニーカー","3070","10000","850","5","sold","2025-11-18"
"DUMMY-202511-0188","パープル パーカー 良品","CSVダミーデータ 2025年11月 売上・利益・ジャンル分析検証用 / 未売却ダミー","ヤフオク","トップス","パーカー","2060","0","0","10","selling",""
"DUMMY-202511-0189","イエロー ベルト 90s","CSVダミーデータ 2025年11月 売上・利益・ジャンル分析検証用","Yahooフリマ","アクセサリー","ベルト","1420","3700","230","5","sold","2025-11-19"
"DUMMY-202511-0190","レッド スラックス ヴィンテージ","CSVダミーデータ 2025年11月 売上・利益・ジャンル分析検証用","メルカリ","ボトムス","スラックス","2010","5300","210","10","sold","2025-11-10"
"DUMMY-202511-0191","ブラウン デニム 使用感あり","CSVダミーデータ 2025年11月 売上・利益・ジャンル分析検証用","Yahooフリマ","ボトムス","デニム","2580","6300","230","5","sold","2025-11-28"
"DUMMY-202511-0192","カーキ デニム 良品","CSVダミーデータ 2025年11月 売上・利益・ジャンル分析検証用","メルカリ","ボトムス","デニム","3470","9400","210","10","sold","2025-11-19"
"DUMMY-202512-0193","ベージュ ニット 訳あり","CSVダミーデータ 2025年12月 売上・利益・ジャンル分析検証用","メルカリ","トップス","ニット","3010","8600","450","10","sold","2025-12-29"
"DUMMY-202512-0194","カーキ ショートパンツ 美品","CSVダミーデータ 2025年12月 売上・利益・ジャンル分析検証用","ヤフオク","ボトムス","ショートパンツ","3630","15300","450","10","sold","2025-12-24"
"DUMMY-202512-0195","ネイビー ショルダーバッグ 一点物","CSVダミーデータ 2025年12月 売上・利益・ジャンル分析検証用","Yahooフリマ","バッグ","ショルダーバッグ","3680","10300","750","5","sold","2025-12-11"
"DUMMY-202512-0196","レッド シャツ 訳あり","CSVダミーデータ 2025年12月 売上・利益・ジャンル分析検証用","ヤフオク","トップス","シャツ","2400","5700","450","10","sold","2025-12-06"
"DUMMY-202512-0197","カーキ パーカー 良品","CSVダミーデータ 2025年12月 売上・利益・ジャンル分析検証用","ラクマ","トップス","パーカー","1690","4600","230","10","sold","2025-12-13"
"DUMMY-202512-0198","グレー トートバッグ 訳あり","CSVダミーデータ 2025年12月 売上・利益・ジャンル分析検証用","メルカリ","バッグ","トートバッグ","4360","14900","1000","10","sold","2025-12-16"
"DUMMY-202512-0199","ネイビー 革靴 人気ブランド","CSVダミーデータ 2025年12月 売上・利益・ジャンル分析検証用","ラクマ","シューズ","革靴","2610","8400","750","10","sold","2025-12-08"
"DUMMY-202512-0200","レッド サンダル 人気ブランド","CSVダミーデータ 2025年12月 売上・利益・ジャンル分析検証用","ヤフオク","シューズ","サンダル","4820","17200","1000","10","sold","2025-12-25"
"DUMMY-202512-0201","ホワイト パーカー 90s","CSVダミーデータ 2025年12月 売上・利益・ジャンル分析検証用","ヤフオク","トップス","パーカー","3460","8800","450","10","sold","2025-12-30"
"DUMMY-202512-0202","レッド ショルダーバッグ 使用感あり","CSVダミーデータ 2025年12月 売上・利益・ジャンル分析検証用","その他","バッグ","ショルダーバッグ","4000","15500","850","0","sold","2025-12-30"
"DUMMY-202512-0203","ブルー ダウン 訳あり","CSVダミーデータ 2025年12月 売上・利益・ジャンル分析検証用","メルカリ","アウター","ダウン","4300","18600","1200","10","sold","2025-12-15"
"DUMMY-202512-0204","イエロー シャツ 訳あり","CSVダミーデータ 2025年12月 売上・利益・ジャンル分析検証用","ラクマ","トップス","シャツ","2260","4100","750","10","sold","2025-12-04"
"DUMMY-202512-0205","グレー ショートパンツ 90s","CSVダミーデータ 2025年12月 売上・利益・ジャンル分析検証用","メルカリ","ボトムス","ショートパンツ","3230","7500","520","10","sold","2025-12-25"
"DUMMY-202512-0206","ブルー スラックス ヴィンテージ","CSVダミーデータ 2025年12月 売上・利益・ジャンル分析検証用","ヤフオク","ボトムス","スラックス","3870","7700","210","10","sold","2025-12-15"
"DUMMY-202512-0207","イエロー スウェット きれいめ","CSVダミーデータ 2025年12月 売上・利益・ジャンル分析検証用","ヤフオク","トップス","スウェット","2420","7300","210","10","sold","2025-12-11"
"DUMMY-202512-0208","ブラック シャツ 人気ブランド","CSVダミーデータ 2025年12月 売上・利益・ジャンル分析検証用 / 下書きダミー","ラクマ","トップス","シャツ","2770","0","0","10","draft",""
"DUMMY-202512-0209","ベージュ ショートパンツ きれいめ","CSVダミーデータ 2025年12月 売上・利益・ジャンル分析検証用","ヤフオク","ボトムス","ショートパンツ","2010","5200","450","10","sold","2025-12-04"
"DUMMY-202512-0210","カーキ ショートパンツ ストリート","CSVダミーデータ 2025年12月 売上・利益・ジャンル分析検証用","メルカリ","ボトムス","ショートパンツ","3760","14000","750","10","sold","2025-12-17"
"DUMMY-202512-0211","ネイビー シャツ 美品","CSVダミーデータ 2025年12月 売上・利益・ジャンル分析検証用","ヤフオク","トップス","シャツ","1950","5600","750","10","sold","2025-12-13"
"DUMMY-202512-0212","レッド パーカー 訳あり","CSVダミーデータ 2025年12月 売上・利益・ジャンル分析検証用","メルカリ","トップス","パーカー","1800","3300","520","10","sold","2025-12-12"
"DUMMY-202512-0213","レッド チノパン きれいめ","CSVダミーデータ 2025年12月 売上・利益・ジャンル分析検証用","ヤフオク","ボトムス","チノパン","2740","7100","230","10","sold","2025-12-09"
"DUMMY-202512-0214","ブルー トートバッグ ストリート","CSVダミーデータ 2025年12月 売上・利益・ジャンル分析検証用","ラクマ","バッグ","トートバッグ","2220","4600","850","10","sold","2025-12-06"
"DUMMY-202512-0215","ブルー ブーツ きれいめ","CSVダミーデータ 2025年12月 売上・利益・ジャンル分析検証用","メルカリ","シューズ","ブーツ","3430","11200","520","10","sold","2025-12-28"
"DUMMY-202512-0216","レッド コート 一点物","CSVダミーデータ 2025年12月 売上・利益・ジャンル分析検証用","ヤフオク","アウター","コート","7820","31100","1000","10","sold","2025-12-21"
"DUMMY-202512-0217","グリーン Gジャン 人気ブランド","CSVダミーデータ 2025年12月 売上・利益・ジャンル分析検証用","ラクマ","アウター","Gジャン","8050","46600","1000","10","sold","2025-12-17"
"DUMMY-202512-0218","ブラウン ブーツ 一点物","CSVダミーデータ 2025年12月 売上・利益・ジャンル分析検証用","その他","シューズ","ブーツ","2310","8900","850","0","sold","2025-12-09"
"DUMMY-202512-0219","グレー トートバッグ 訳あり","CSVダミーデータ 2025年12月 売上・利益・ジャンル分析検証用","ラクマ","バッグ","トートバッグ","3020","7400","850","10","sold","2025-12-15"
"DUMMY-202512-0220","ベージュ シャツ 90s","CSVダミーデータ 2025年12月 売上・利益・ジャンル分析検証用","Yahooフリマ","トップス","シャツ","1940","5400","450","5","sold","2025-12-16"
"DUMMY-202512-0221","ブラック ショートパンツ 人気ブランド","CSVダミーデータ 2025年12月 売上・利益・ジャンル分析検証用","メルカリ","ボトムス","ショートパンツ","2260","9400","750","10","sold","2025-12-30"
"DUMMY-202512-0222","カーキ 帽子 良品","CSVダミーデータ 2025年12月 売上・利益・ジャンル分析検証用","メルカリ","アクセサリー","帽子","1110","3600","300","10","sold","2025-12-04"
"DUMMY-202512-0223","ホワイト ニット ヴィンテージ","CSVダミーデータ 2025年12月 売上・利益・ジャンル分析検証用","Yahooフリマ","トップス","ニット","1710","5000","750","5","sold","2025-12-06"
"DUMMY-202512-0224","イエロー サンダル 90s","CSVダミーデータ 2025年12月 売上・利益・ジャンル分析検証用","Yahooフリマ","シューズ","サンダル","4670","14100","850","5","sold","2025-12-17"
"DUMMY-202512-0225","レッド スニーカー 一点物","CSVダミーデータ 2025年12月 売上・利益・ジャンル分析検証用","メルカリ","シューズ","スニーカー","3190","9100","850","10","sold","2025-12-15"
"DUMMY-202512-0226","ホワイト ニット 人気ブランド","CSVダミーデータ 2025年12月 売上・利益・ジャンル分析検証用","Yahooフリマ","トップス","ニット","2890","7200","230","5","sold","2025-12-18"
"DUMMY-202512-0227","ホワイト スニーカー 訳あり","CSVダミーデータ 2025年12月 売上・利益・ジャンル分析検証用","Yahooフリマ","シューズ","スニーカー","2790","4000","520","5","sold","2025-12-01"
"DUMMY-202512-0228","レッド Tシャツ ヴィンテージ","CSVダミーデータ 2025年12月 売上・利益・ジャンル分析検証用","ヤフオク","トップス","Tシャツ","1590","4800","750","10","sold","2025-12-16"
"DUMMY-202512-0229","パープル 革靴 一点物","CSVダミーデータ 2025年12月 売上・利益・ジャンル分析検証用","メルカリ","シューズ","革靴","3790","11900","750","10","sold","2025-12-26"
"DUMMY-202601-0230","ブルー デニム 使用感あり","CSVダミーデータ 2026年1月 売上・利益・ジャンル分析検証用","Yahooフリマ","ボトムス","デニム","3330","5600","750","5","sold","2026-01-13"
"DUMMY-202601-0231","ブラウン スニーカー 使用感あり","CSVダミーデータ 2026年1月 売上・利益・ジャンル分析検証用","ヤフオク","シューズ","スニーカー","3590","6000","750","10","sold","2026-01-13"
"DUMMY-202601-0232","ホワイト パーカー ストリート","CSVダミーデータ 2026年1月 売上・利益・ジャンル分析検証用","メルカリ","トップス","パーカー","1980","2900","230","10","sold","2026-01-23"
"DUMMY-202601-0233","イエロー シャツ 使用感あり","CSVダミーデータ 2026年1月 売上・利益・ジャンル分析検証用","ヤフオク","トップス","シャツ","3030","5200","520","10","sold","2026-01-03"
"DUMMY-202601-0234","ブラック ニット 訳あり","CSVダミーデータ 2026年1月 売上・利益・ジャンル分析検証用","メルカリ","トップス","ニット","3000","5100","750","10","sold","2026-01-24"
"DUMMY-202601-0235","ホワイト チノパン ストリート","CSVダミーデータ 2026年1月 売上・利益・ジャンル分析検証用","ヤフオク","ボトムス","チノパン","2980","4400","230","10","sold","2026-01-19"
"DUMMY-202601-0236","ブラック ダウン 訳あり","CSVダミーデータ 2026年1月 売上・利益・ジャンル分析検証用","Yahooフリマ","アウター","ダウン","5090","15100","750","5","sold","2026-01-21"
"DUMMY-202601-0237","グリーン スウェット 使用感あり","CSVダミーデータ 2026年1月 売上・利益・ジャンル分析検証用","ヤフオク","トップス","スウェット","3050","5400","210","10","sold","2026-01-17"
"DUMMY-202601-0238","ネイビー 腕時計 人気ブランド","CSVダミーデータ 2026年1月 売上・利益・ジャンル分析検証用","ラクマ","アクセサリー","腕時計","1390","2900","450","10","sold","2026-01-28"
"DUMMY-202601-0239","ブラック ダウン 90s","CSVダミーデータ 2026年1月 売上・利益・ジャンル分析検証用","ヤフオク","アウター","ダウン","6420","13100","1400","10","sold","2026-01-05"
"DUMMY-202601-0240","レッド パーカー 良品","CSVダミーデータ 2026年1月 売上・利益・ジャンル分析検証用","Yahooフリマ","トップス","パーカー","3390","4600","450","5","sold","2026-01-12"
"DUMMY-202601-0241","ベージュ Gジャン 一点物","CSVダミーデータ 2026年1月 売上・利益・ジャンル分析検証用","ラクマ","アウター","Gジャン","3950","13700","850","10","sold","2026-01-20"
"DUMMY-202602-0242","ホワイト ボストンバッグ 訳あり","CSVダミーデータ 2026年2月 売上・利益・ジャンル分析検証用","メルカリ","バッグ","ボストンバッグ","2640","3600","750","10","sold","2026-02-19"
"DUMMY-202602-0243","ホワイト ダウン 人気ブランド","CSVダミーデータ 2026年2月 売上・利益・ジャンル分析検証用","メルカリ","アウター","ダウン","7920","23400","850","10","sold","2026-02-11"
"DUMMY-202602-0244","カーキ 革靴 90s","CSVダミーデータ 2026年2月 売上・利益・ジャンル分析検証用","ヤフオク","シューズ","革靴","4350","9900","1000","10","sold","2026-02-18"
"DUMMY-202602-0245","グリーン Tシャツ 美品","CSVダミーデータ 2026年2月 売上・利益・ジャンル分析検証用","ヤフオク","トップス","Tシャツ","3110","7900","230","10","sold","2026-02-01"
"DUMMY-202602-0246","グリーン ショルダーバッグ 訳あり","CSVダミーデータ 2026年2月 売上・利益・ジャンル分析検証用 / 下書きダミー","メルカリ","バッグ","ショルダーバッグ","2500","0","0","10","draft",""
"DUMMY-202602-0247","グリーン ニット 90s","CSVダミーデータ 2026年2月 売上・利益・ジャンル分析検証用 / 未売却ダミー","ヤフオク","トップス","ニット","1890","0","0","10","selling",""
"DUMMY-202602-0248","レッド Gジャン 一点物","CSVダミーデータ 2026年2月 売上・利益・ジャンル分析検証用","メルカリ","アウター","Gジャン","4570","12100","850","10","sold","2026-02-10"
"DUMMY-202602-0249","ブルー ダウン 訳あり","CSVダミーデータ 2026年2月 売上・利益・ジャンル分析検証用","ラクマ","アウター","ダウン","7260","19500","1200","10","sold","2026-02-18"
"DUMMY-202603-0250","ブラウン リュック ストリート","CSVダミーデータ 2026年3月 売上・利益・ジャンル分析検証用","その他","バッグ","リュック","2060","6100","1000","0","sold","2026-03-02"
"DUMMY-202603-0251","ベージュ ダウン ストリート","CSVダミーデータ 2026年3月 売上・利益・ジャンル分析検証用","メルカリ","アウター","ダウン","5730","11700","850","10","sold","2026-03-08"
"DUMMY-202603-0252","イエロー ブーツ ヴィンテージ","CSVダミーデータ 2026年3月 売上・利益・ジャンル分析検証用","その他","シューズ","ブーツ","3740","13100","850","0","sold","2026-03-30"
"DUMMY-202603-0253","グリーン チノパン 使用感あり","CSVダミーデータ 2026年3月 売上・利益・ジャンル分析検証用","ヤフオク","ボトムス","チノパン","1920","4800","750","10","sold","2026-03-08"
"DUMMY-202603-0254","ブルー コート ヴィンテージ","CSVダミーデータ 2026年3月 売上・利益・ジャンル分析検証用","ラクマ","アウター","コート","6960","12500","750","10","sold","2026-03-23"
"DUMMY-202603-0255","グレー パーカー 使用感あり","CSVダミーデータ 2026年3月 売上・利益・ジャンル分析検証用","ヤフオク","トップス","パーカー","2140","5400","230","10","sold","2026-03-14"
"DUMMY-202603-0256","ブラック ブーツ 一点物","CSVダミーデータ 2026年3月 売上・利益・ジャンル分析検証用 / 未売却ダミー","ヤフオク","シューズ","ブーツ","4250","0","0","10","selling",""
"DUMMY-202603-0257","ベージュ ベルト 使用感あり","CSVダミーデータ 2026年3月 売上・利益・ジャンル分析検証用","ラクマ","アクセサリー","ベルト","1640","3200","300","10","sold","2026-03-22"
"DUMMY-202603-0258","グレー レザージャケット 使用感あり","CSVダミーデータ 2026年3月 売上・利益・ジャンル分析検証用","ラクマ","アウター","レザージャケット","7770","23400","1200","10","sold","2026-03-31"
"DUMMY-202603-0259","ブルー スニーカー ストリート","CSVダミーデータ 2026年3月 売上・利益・ジャンル分析検証用 / 未売却ダミー","ヤフオク","シューズ","スニーカー","3800","0","0","10","selling",""
"DUMMY-202603-0260","グレー Tシャツ ストリート","CSVダミーデータ 2026年3月 売上・利益・ジャンル分析検証用","ラクマ","トップス","Tシャツ","1940","3800","230","10","sold","2026-03-22"
"DUMMY-202603-0261","ブラック パーカー 人気ブランド","CSVダミーデータ 2026年3月 売上・利益・ジャンル分析検証用","メルカリ","トップス","パーカー","2680","7900","750","10","sold","2026-03-28"
"DUMMY-202603-0262","カーキ ブーツ 使用感あり","CSVダミーデータ 2026年3月 売上・利益・ジャンル分析検証用","ヤフオク","シューズ","ブーツ","2810","9400","750","10","sold","2026-03-14"
"DUMMY-202603-0263","ブルー ショートパンツ 美品","CSVダミーデータ 2026年3月 売上・利益・ジャンル分析検証用","ラクマ","ボトムス","ショートパンツ","2920","6000","210","10","sold","2026-03-18"
"DUMMY-202603-0264","ブラック その他 一点物","CSVダミーデータ 2026年3月 売上・利益・ジャンル分析検証用","ヤフオク","その他","その他","880","1700","520","10","sold","2026-03-31"
"DUMMY-202603-0265","グレー Gジャン 訳あり","CSVダミーデータ 2026年3月 売上・利益・ジャンル分析検証用","ヤフオク","アウター","Gジャン","6960","16300","1400","10","sold","2026-03-15"
"DUMMY-202603-0266","ホワイト ショートパンツ 一点物","CSVダミーデータ 2026年3月 売上・利益・ジャンル分析検証用","メルカリ","ボトムス","ショートパンツ","3990","11300","750","10","sold","2026-03-09"
"DUMMY-202603-0267","カーキ ニット きれいめ","CSVダミーデータ 2026年3月 売上・利益・ジャンル分析検証用","ヤフオク","トップス","ニット","3350","5400","520","10","sold","2026-03-08"
"DUMMY-202603-0268","ブラック トートバッグ 良品","CSVダミーデータ 2026年3月 売上・利益・ジャンル分析検証用","メルカリ","バッグ","トートバッグ","3910","7600","520","10","sold","2026-03-07"
"DUMMY-202603-0269","ベージュ ショートパンツ きれいめ","CSVダミーデータ 2026年3月 売上・利益・ジャンル分析検証用","ラクマ","ボトムス","ショートパンツ","3730","6000","520","10","sold","2026-03-07"
"DUMMY-202603-0270","ブルー その他 良品","CSVダミーデータ 2026年3月 売上・利益・ジャンル分析検証用","ラクマ","その他","その他","1010","2900","210","10","sold","2026-03-25"
"DUMMY-202603-0271","カーキ 腕時計 美品","CSVダミーデータ 2026年3月 売上・利益・ジャンル分析検証用","メルカリ","アクセサリー","腕時計","1830","5000","450","10","sold","2026-03-18"
"DUMMY-202603-0272","グレー Tシャツ ストリート","CSVダミーデータ 2026年3月 売上・利益・ジャンル分析検証用","Yahooフリマ","トップス","Tシャツ","3400","9600","230","5","sold","2026-03-03"
"DUMMY-202603-0273","パープル Gジャン 使用感あり","CSVダミーデータ 2026年3月 売上・利益・ジャンル分析検証用","ラクマ","アウター","Gジャン","7190","20100","750","10","sold","2026-03-03"
"DUMMY-202603-0274","ベージュ 革靴 使用感あり","CSVダミーデータ 2026年3月 売上・利益・ジャンル分析検証用","メルカリ","シューズ","革靴","4560","8400","750","10","sold","2026-03-14"
"DUMMY-202604-0275","ブラウン ブーツ 美品","CSVダミーデータ 2026年4月 売上・利益・ジャンル分析検証用 / 未売却ダミー","ヤフオク","シューズ","ブーツ","3600","0","0","10","selling",""
"DUMMY-202604-0276","ベージュ デニム 人気ブランド","CSVダミーデータ 2026年4月 売上・利益・ジャンル分析検証用","メルカリ","ボトムス","デニム","2810","4900","230","10","sold","2026-04-02"
"DUMMY-202604-0277","ベージュ スウェット 90s","CSVダミーデータ 2026年4月 売上・利益・ジャンル分析検証用","Yahooフリマ","トップス","スウェット","2540","5800","750","5","sold","2026-04-06"
"DUMMY-202604-0278","グリーン パーカー きれいめ","CSVダミーデータ 2026年4月 売上・利益・ジャンル分析検証用 / 未売却ダミー","Yahooフリマ","トップス","パーカー","3310","0","0","5","selling",""
"DUMMY-202604-0279","ブラック ショルダーバッグ 良品","CSVダミーデータ 2026年4月 売上・利益・ジャンル分析検証用","ラクマ","バッグ","ショルダーバッグ","4250","6800","750","10","sold","2026-04-27"
"DUMMY-202604-0280","ネイビー ボストンバッグ 良品","CSVダミーデータ 2026年4月 売上・利益・ジャンル分析検証用 / 下書きダミー","メルカリ","バッグ","ボストンバッグ","2400","0","0","10","draft",""
"DUMMY-202604-0281","ブラウン ナイロンジャケット 90s","CSVダミーデータ 2026年4月 売上・利益・ジャンル分析検証用","その他","アウター","ナイロンジャケット","6630","12400","850","0","sold","2026-04-06"
"DUMMY-202604-0282","ホワイト トートバッグ ヴィンテージ","CSVダミーデータ 2026年4月 売上・利益・ジャンル分析検証用","メルカリ","バッグ","トートバッグ","2840","5800","520","10","sold","2026-04-21"
"DUMMY-202604-0283","レッド Gジャン きれいめ","CSVダミーデータ 2026年4月 売上・利益・ジャンル分析検証用","メルカリ","アウター","Gジャン","3800","8800","1200","10","sold","2026-04-26"
"DUMMY-202604-0284","ネイビー ネックレス 人気ブランド","CSVダミーデータ 2026年4月 売上・利益・ジャンル分析検証用","メルカリ","アクセサリー","ネックレス","2160","4100","450","10","sold","2026-04-05"
"DUMMY-202604-0285","グリーン Tシャツ きれいめ","CSVダミーデータ 2026年4月 売上・利益・ジャンル分析検証用","ヤフオク","トップス","Tシャツ","3000","7500","230","10","sold","2026-04-30"
"DUMMY-202604-0286","ブルー ダウン きれいめ","CSVダミーデータ 2026年4月 売上・利益・ジャンル分析検証用","Yahooフリマ","アウター","ダウン","8170","17200","850","5","sold","2026-04-24"
"DUMMY-202604-0287","ホワイト パーカー きれいめ","CSVダミーデータ 2026年4月 売上・利益・ジャンル分析検証用","メルカリ","トップス","パーカー","2790","7200","450","10","sold","2026-04-12"
"DUMMY-202604-0288","ネイビー Gジャン 一点物","CSVダミーデータ 2026年4月 売上・利益・ジャンル分析検証用","ヤフオク","アウター","Gジャン","4530","7600","1000","10","sold","2026-04-04"
"DUMMY-202604-0289","ホワイト ダウン ストリート","CSVダミーデータ 2026年4月 売上・利益・ジャンル分析検証用","メルカリ","アウター","ダウン","5050","7200","750","10","sold","2026-04-10"
"DUMMY-202604-0290","ホワイト その他 訳あり","CSVダミーデータ 2026年4月 売上・利益・ジャンル分析検証用","ヤフオク","その他","その他","1710","2200","750","10","sold","2026-04-08"
"DUMMY-202604-0291","ホワイト リュック 一点物","CSVダミーデータ 2026年4月 売上・利益・ジャンル分析検証用","その他","バッグ","リュック","2770","5300","520","0","sold","2026-04-05"
"DUMMY-202605-0292","グリーン リュック 90s","CSVダミーデータ 2026年5月 売上・利益・ジャンル分析検証用","メルカリ","バッグ","リュック","2630","9400","1000","10","sold","2026-05-28"
"DUMMY-202605-0293","パープル レザージャケット 美品","CSVダミーデータ 2026年5月 売上・利益・ジャンル分析検証用","メルカリ","アウター","レザージャケット","8180","23200","1400","10","sold","2026-05-17"
"DUMMY-202605-0294","ネイビー Tシャツ ヴィンテージ","CSVダミーデータ 2026年5月 売上・利益・ジャンル分析検証用","ヤフオク","トップス","Tシャツ","2070","7600","230","10","sold","2026-05-12"
"DUMMY-202605-0295","ブラウン Tシャツ きれいめ","CSVダミーデータ 2026年5月 売上・利益・ジャンル分析検証用","メルカリ","トップス","Tシャツ","3450","7300","230","10","sold","2026-05-01"
"DUMMY-202605-0296","ブルー シャツ きれいめ","CSVダミーデータ 2026年5月 売上・利益・ジャンル分析検証用","ヤフオク","トップス","シャツ","2030","7500","520","10","sold","2026-05-18"
"DUMMY-202605-0297","ホワイト サンダル 美品","CSVダミーデータ 2026年5月 売上・利益・ジャンル分析検証用","ヤフオク","シューズ","サンダル","3040","11500","520","10","sold","2026-05-05"
"DUMMY-202605-0298","グリーン シャツ 美品","CSVダミーデータ 2026年5月 売上・利益・ジャンル分析検証用 / 未売却ダミー","Yahooフリマ","トップス","シャツ","2320","0","0","5","selling",""
"DUMMY-202605-0299","パープル ダウン 訳あり","CSVダミーデータ 2026年5月 売上・利益・ジャンル分析検証用","Yahooフリマ","アウター","ダウン","6660","21900","850","5","sold","2026-05-20"
"DUMMY-202605-0300","ブラウン デニム 90s","CSVダミーデータ 2026年5月 売上・利益・ジャンル分析検証用","メルカリ","ボトムス","デニム","3110","10000","230","10","sold","2026-05-17"
"DUMMY-202605-0301","ネイビー Tシャツ 美品","CSVダミーデータ 2026年5月 売上・利益・ジャンル分析検証用","Yahooフリマ","トップス","Tシャツ","2100","8100","750","5","sold","2026-05-28"
"DUMMY-202605-0302","ブラック Tシャツ 90s","CSVダミーデータ 2026年5月 売上・利益・ジャンル分析検証用","メルカリ","トップス","Tシャツ","3420","9000","230","10","sold","2026-05-06"
"DUMMY-202605-0303","ブラック Gジャン 一点物","CSVダミーデータ 2026年5月 売上・利益・ジャンル分析検証用","その他","アウター","Gジャン","7800","24900","1000","0","sold","2026-05-30"
"DUMMY-202605-0304","グレー トートバッグ ヴィンテージ","CSVダミーデータ 2026年5月 売上・利益・ジャンル分析検証用","Yahooフリマ","バッグ","トートバッグ","3260","11500","850","5","sold","2026-05-20"
"DUMMY-202605-0305","ブルー 腕時計 人気ブランド","CSVダミーデータ 2026年5月 売上・利益・ジャンル分析検証用","メルカリ","アクセサリー","腕時計","2070","7800","450","10","sold","2026-05-07"
"DUMMY-202605-0306","ベージュ スウェット ヴィンテージ","CSVダミーデータ 2026年5月 売上・利益・ジャンル分析検証用","ヤフオク","トップス","スウェット","1710","4400","210","10","sold","2026-05-05"
"DUMMY-202605-0307","グレー コート 美品","CSVダミーデータ 2026年5月 売上・利益・ジャンル分析検証用","ヤフオク","アウター","コート","7010","20100","1400","10","sold","2026-05-20"
"DUMMY-202605-0308","イエロー ネックレス きれいめ","CSVダミーデータ 2026年5月 売上・利益・ジャンル分析検証用","ラクマ","アクセサリー","ネックレス","1510","3800","230","10","sold","2026-05-26"
"DUMMY-202605-0309","ブルー ボストンバッグ 美品","CSVダミーデータ 2026年5月 売上・利益・ジャンル分析検証用","メルカリ","バッグ","ボストンバッグ","2450","8900","850","10","sold","2026-05-29"
"DUMMY-202605-0310","イエロー ショルダーバッグ ストリート","CSVダミーデータ 2026年5月 売上・利益・ジャンル分析検証用","その他","バッグ","ショルダーバッグ","2560","6600","750","0","sold","2026-05-29"
"DUMMY-202605-0311","ベージュ ナイロンジャケット 訳あり","CSVダミーデータ 2026年5月 売上・利益・ジャンル分析検証用","ヤフオク","アウター","ナイロンジャケット","7210","13700","1400","10","sold","2026-05-01"
"DUMMY-202605-0312","イエロー Gジャン 90s","CSVダミーデータ 2026年5月 売上・利益・ジャンル分析検証用","ラクマ","アウター","Gジャン","7710","17900","1000","10","sold","2026-05-04"
"DUMMY-202605-0313","グレー ブーツ きれいめ","CSVダミーデータ 2026年5月 売上・利益・ジャンル分析検証用","ヤフオク","シューズ","ブーツ","4270","14800","850","10","sold","2026-05-13"
"DUMMY-202605-0314","カーキ Gジャン 訳あり","CSVダミーデータ 2026年5月 売上・利益・ジャンル分析検証用","Yahooフリマ","アウター","Gジャン","6560","15400","1400","5","sold","2026-05-19"
"DUMMY-202605-0315","グリーン レザージャケット 人気ブランド","CSVダミーデータ 2026年5月 売上・利益・ジャンル分析検証用","ラクマ","アウター","レザージャケット","7600","19300","850","10","sold","2026-05-12"
"DUMMY-202605-0316","レッド デニム 良品","CSVダミーデータ 2026年5月 売上・利益・ジャンル分析検証用","メルカリ","ボトムス","デニム","2750","5600","520","10","sold","2026-05-26"
"DUMMY-202605-0317","グリーン 腕時計 一点物","CSVダミーデータ 2026年5月 売上・利益・ジャンル分析検証用 / 未売却ダミー","メルカリ","アクセサリー","腕時計","1940","0","0","10","selling",""
"DUMMY-202605-0318","グレー ニット きれいめ","CSVダミーデータ 2026年5月 売上・利益・ジャンル分析検証用 / 未売却ダミー","ラクマ","トップス","ニット","1870","0","0","10","selling",""
"DUMMY-202605-0319","グリーン Gジャン 良品","CSVダミーデータ 2026年5月 売上・利益・ジャンル分析検証用","ラクマ","アウター","Gジャン","3950","10300","1000","10","sold","2026-05-17"
"DUMMY-202605-0320","ブラウン ショルダーバッグ 一点物","CSVダミーデータ 2026年5月 売上・利益・ジャンル分析検証用","メルカリ","バッグ","ショルダーバッグ","4280","14700","850","10","sold","2026-05-07"
"DUMMY-202605-0321","ネイビー Tシャツ ストリート","CSVダミーデータ 2026年5月 売上・利益・ジャンル分析検証用","メルカリ","トップス","Tシャツ","1880","3700","210","10","sold","2026-05-11"
"DUMMY-202605-0322","グリーン トートバッグ 一点物","CSVダミーデータ 2026年5月 売上・利益・ジャンル分析検証用","Yahooフリマ","バッグ","トートバッグ","4380","8900","850","5","sold","2026-05-16"
"DUMMY-202605-0323","ブラック パーカー 訳あり","CSVダミーデータ 2026年5月 売上・利益・ジャンル分析検証用","Yahooフリマ","トップス","パーカー","2030","3700","450","5","sold","2026-05-05"
"DUMMY-202605-0324","ネイビー スラックス 人気ブランド","CSVダミーデータ 2026年5月 売上・利益・ジャンル分析検証用","メルカリ","ボトムス","スラックス","3300","13400","230","10","sold","2026-05-17"
"DUMMY-202605-0325","ホワイト ショルダーバッグ 訳あり","CSVダミーデータ 2026年5月 売上・利益・ジャンル分析検証用","Yahooフリマ","バッグ","ショルダーバッグ","3740","10300","850","5","sold","2026-05-08"
"DUMMY-202606-0326","ベージュ トートバッグ 一点物","CSVダミーデータ 2026年6月 売上・利益・ジャンル分析検証用","ラクマ","バッグ","トートバッグ","3970","7900","850","10","sold","2026-06-27"
"DUMMY-202606-0327","レッド スラックス 使用感あり","CSVダミーデータ 2026年6月 売上・利益・ジャンル分析検証用","ヤフオク","ボトムス","スラックス","3460","4700","520","10","sold","2026-06-13"
"DUMMY-202606-0328","ブラウン リュック 良品","CSVダミーデータ 2026年6月 売上・利益・ジャンル分析検証用","ヤフオク","バッグ","リュック","3410","6700","750","10","sold","2026-06-29"
"DUMMY-202606-0329","グリーン コート 良品","CSVダミーデータ 2026年6月 売上・利益・ジャンル分析検証用 / 未売却ダミー","ラクマ","アウター","コート","5830","0","0","10","selling",""
"DUMMY-202606-0330","ネイビー ナイロンジャケット 人気ブランド","CSVダミーデータ 2026年6月 売上・利益・ジャンル分析検証用","ヤフオク","アウター","ナイロンジャケット","5980","16000","1000","10","sold","2026-06-23"
"DUMMY-202606-0331","カーキ ダウン 良品","CSVダミーデータ 2026年6月 売上・利益・ジャンル分析検証用","ヤフオク","アウター","ダウン","5790","10300","1400","10","sold","2026-06-15"
"DUMMY-202606-0332","イエロー パーカー 美品","CSVダミーデータ 2026年6月 売上・利益・ジャンル分析検証用","Yahooフリマ","トップス","パーカー","1810","5200","750","5","sold","2026-06-02"
"DUMMY-202606-0333","ネイビー チノパン 訳あり","CSVダミーデータ 2026年6月 売上・利益・ジャンル分析検証用","ラクマ","ボトムス","チノパン","2190","4000","450","10","sold","2026-06-21"
"DUMMY-202606-0334","ベージュ Tシャツ 人気ブランド","CSVダミーデータ 2026年6月 売上・利益・ジャンル分析検証用","Yahooフリマ","トップス","Tシャツ","3370","9500","750","5","sold","2026-06-21"
"DUMMY-202606-0335","グリーン ベルト 良品","CSVダミーデータ 2026年6月 売上・利益・ジャンル分析検証用","ヤフオク","アクセサリー","ベルト","2140","5800","450","10","sold","2026-06-25"
"DUMMY-202606-0336","パープル シャツ 良品","CSVダミーデータ 2026年6月 売上・利益・ジャンル分析検証用","その他","トップス","シャツ","2270","4500","450","0","sold","2026-06-10"
"DUMMY-202606-0337","レッド ニット きれいめ","CSVダミーデータ 2026年6月 売上・利益・ジャンル分析検証用","メルカリ","トップス","ニット","3430","8500","210","10","sold","2026-06-23"
"DUMMY-202606-0338","グレー ダウン きれいめ","CSVダミーデータ 2026年6月 売上・利益・ジャンル分析検証用","メルカリ","アウター","ダウン","3920","7600","1400","10","sold","2026-06-14"
"DUMMY-202606-0339","レッド その他 90s","CSVダミーデータ 2026年6月 売上・利益・ジャンル分析検証用","メルカリ","その他","その他","1220","2200","230","10","sold","2026-06-06"
"DUMMY-202606-0340","ネイビー スニーカー 訳あり","CSVダミーデータ 2026年6月 売上・利益・ジャンル分析検証用","メルカリ","シューズ","スニーカー","4680","8900","1000","10","sold","2026-06-01"
"DUMMY-202607-0341","ベージュ デニム 良品","CSVダミーデータ 2026年7月 売上・利益・ジャンル分析検証用 / 下書きダミー","Yahooフリマ","ボトムス","デニム","3400","0","0","5","draft",""
"DUMMY-202607-0342","ブルー レザージャケット きれいめ","CSVダミーデータ 2026年7月 売上・利益・ジャンル分析検証用","ヤフオク","アウター","レザージャケット","7690","23100","1000","10","sold","2026-07-11"
"DUMMY-202607-0343","カーキ トートバッグ 美品","CSVダミーデータ 2026年7月 売上・利益・ジャンル分析検証用","メルカリ","バッグ","トートバッグ","2580","8100","520","10","sold","2026-07-03"
"DUMMY-202607-0344","グレー デニム ヴィンテージ","CSVダミーデータ 2026年7月 売上・利益・ジャンル分析検証用","メルカリ","ボトムス","デニム","2990","4600","210","10","sold","2026-07-30"
"DUMMY-202607-0345","カーキ ナイロンジャケット 90s","CSVダミーデータ 2026年7月 売上・利益・ジャンル分析検証用","Yahooフリマ","アウター","ナイロンジャケット","4750","14500","1200","5","sold","2026-07-04"
"DUMMY-202607-0346","レッド パーカー 一点物","CSVダミーデータ 2026年7月 売上・利益・ジャンル分析検証用","メルカリ","トップス","パーカー","2920","7200","520","10","sold","2026-07-14"
"DUMMY-202607-0347","グレー ブーツ 訳あり","CSVダミーデータ 2026年7月 売上・利益・ジャンル分析検証用 / 下書きダミー","メルカリ","シューズ","ブーツ","2920","0","0","10","draft",""
"DUMMY-202607-0348","イエロー Tシャツ 人気ブランド","CSVダミーデータ 2026年7月 売上・利益・ジャンル分析検証用","Yahooフリマ","トップス","Tシャツ","2770","9200","230","5","sold","2026-07-21"
"DUMMY-202607-0349","ブラック Gジャン 良品","CSVダミーデータ 2026年7月 売上・利益・ジャンル分析検証用","Yahooフリマ","アウター","Gジャン","7300","12400","1200","5","sold","2026-07-13"
"DUMMY-202607-0350","グリーン スニーカー 人気ブランド","CSVダミーデータ 2026年7月 売上・利益・ジャンル分析検証用 / 下書きダミー","メルカリ","シューズ","スニーカー","3720","0","0","10","draft",""
"DUMMY-202607-0351","ホワイト Gジャン 一点物","CSVダミーデータ 2026年7月 売上・利益・ジャンル分析検証用","メルカリ","アウター","Gジャン","7170","21300","1400","10","sold","2026-07-19"
"DUMMY-202607-0352","ブラウン スウェット 90s","CSVダミーデータ 2026年7月 売上・利益・ジャンル分析検証用","Yahooフリマ","トップス","スウェット","2230","3600","210","5","sold","2026-07-21"
"DUMMY-202607-0353","ブラウン ダウン 人気ブランド","CSVダミーデータ 2026年7月 売上・利益・ジャンル分析検証用","メルカリ","アウター","ダウン","6330","20400","1400","10","sold","2026-07-24"
"DUMMY-202607-0354","カーキ ベルト ヴィンテージ","CSVダミーデータ 2026年7月 売上・利益・ジャンル分析検証用","メルカリ","アクセサリー","ベルト","1730","5200","230","10","sold","2026-07-07"
"DUMMY-202607-0355","ネイビー Tシャツ 美品","CSVダミーデータ 2026年7月 売上・利益・ジャンル分析検証用","その他","トップス","Tシャツ","1960","4200","750","0","sold","2026-07-09"
"DUMMY-202607-0356","カーキ ナイロンジャケット 美品","CSVダミーデータ 2026年7月 売上・利益・ジャンル分析検証用","メルカリ","アウター","ナイロンジャケット","7190","23700","1000","10","sold","2026-07-24"
"DUMMY-202607-0357","レッド ショートパンツ きれいめ","CSVダミーデータ 2026年7月 売上・利益・ジャンル分析検証用","ラクマ","ボトムス","ショートパンツ","2430","3700","750","10","sold","2026-07-12"
"DUMMY-202607-0358","グリーン ニット 良品","CSVダミーデータ 2026年7月 売上・利益・ジャンル分析検証用","Yahooフリマ","トップス","ニット","1760","3000","750","5","sold","2026-07-29"
"DUMMY-202607-0359","ブラウン 革靴 良品","CSVダミーデータ 2026年7月 売上・利益・ジャンル分析検証用","メルカリ","シューズ","革靴","3670","7300","520","10","sold","2026-07-29"
"DUMMY-202607-0360","ブラウン ニット 人気ブランド","CSVダミーデータ 2026年7月 売上・利益・ジャンル分析検証用","Yahooフリマ","トップス","ニット","1790","5800","450","5","sold","2026-07-16"
"DUMMY-202607-0361","ブラック レザージャケット 90s","CSVダミーデータ 2026年7月 売上・利益・ジャンル分析検証用","メルカリ","アウター","レザージャケット","4710","13500","750","10","sold","2026-07-03"
"DUMMY-202608-0362","イエロー チノパン 一点物","CSVダミーデータ 2026年8月 売上・利益・ジャンル分析検証用","ヤフオク","ボトムス","チノパン","3290","7400","230","10","sold","2026-08-26"
"DUMMY-202608-0363","レッド チノパン 美品","CSVダミーデータ 2026年8月 売上・利益・ジャンル分析検証用","メルカリ","ボトムス","チノパン","2740","5000","750","10","sold","2026-08-06"
"DUMMY-202608-0364","グレー スラックス ストリート","CSVダミーデータ 2026年8月 売上・利益・ジャンル分析検証用 / 未売却ダミー","メルカリ","ボトムス","スラックス","2620","0","0","10","selling",""
"DUMMY-202608-0365","グレー ナイロンジャケット 良品","CSVダミーデータ 2026年8月 売上・利益・ジャンル分析検証用","ラクマ","アウター","ナイロンジャケット","5510","9700","1400","10","sold","2026-08-26"
"DUMMY-202608-0366","グリーン サンダル ヴィンテージ","CSVダミーデータ 2026年8月 売上・利益・ジャンル分析検証用","Yahooフリマ","シューズ","サンダル","2890","4500","750","5","sold","2026-08-06"
"DUMMY-202608-0367","ベージュ スウェット 美品","CSVダミーデータ 2026年8月 売上・利益・ジャンル分析検証用","メルカリ","トップス","スウェット","1980","2900","450","10","sold","2026-08-16"
"DUMMY-202608-0368","パープル 革靴 ストリート","CSVダミーデータ 2026年8月 売上・利益・ジャンル分析検証用","ヤフオク","シューズ","革靴","3390","8000","750","10","sold","2026-08-08"
"DUMMY-202608-0369","レッド Tシャツ 美品","CSVダミーデータ 2026年8月 売上・利益・ジャンル分析検証用","ヤフオク","トップス","Tシャツ","2910","6300","450","10","sold","2026-08-01"
"DUMMY-202608-0370","カーキ デニム 良品","CSVダミーデータ 2026年8月 売上・利益・ジャンル分析検証用","ラクマ","ボトムス","デニム","3730","5100","450","10","sold","2026-08-31"
"DUMMY-202608-0371","ホワイト スウェット ヴィンテージ","CSVダミーデータ 2026年8月 売上・利益・ジャンル分析検証用","メルカリ","トップス","スウェット","3200","7400","520","10","sold","2026-08-13"
"DUMMY-202609-0372","ベージュ サンダル 一点物","CSVダミーデータ 2026年9月 売上・利益・ジャンル分析検証用","Yahooフリマ","シューズ","サンダル","3380","13300","520","5","sold","2026-09-09"
"DUMMY-202609-0373","ブラウン ニット ストリート","CSVダミーデータ 2026年9月 売上・利益・ジャンル分析検証用","Yahooフリマ","トップス","ニット","3120","6100","520","5","sold","2026-09-10"
"DUMMY-202609-0374","レッド 革靴 使用感あり","CSVダミーデータ 2026年9月 売上・利益・ジャンル分析検証用","ヤフオク","シューズ","革靴","2890","8100","1000","10","sold","2026-09-29"
"DUMMY-202609-0375","ネイビー サンダル 良品","CSVダミーデータ 2026年9月 売上・利益・ジャンル分析検証用","ヤフオク","シューズ","サンダル","4500","11300","1000","10","sold","2026-09-19"
"DUMMY-202609-0376","ホワイト ニット 使用感あり","CSVダミーデータ 2026年9月 売上・利益・ジャンル分析検証用 / 未売却ダミー","ラクマ","トップス","ニット","2430","0","0","10","selling",""
"DUMMY-202609-0377","ネイビー シャツ 90s","CSVダミーデータ 2026年9月 売上・利益・ジャンル分析検証用","その他","トップス","シャツ","2280","5900","210","0","sold","2026-09-06"
"DUMMY-202609-0378","イエロー チノパン 人気ブランド","CSVダミーデータ 2026年9月 売上・利益・ジャンル分析検証用","メルカリ","ボトムス","チノパン","3150","8900","230","10","sold","2026-09-08"
"DUMMY-202609-0379","カーキ ニット 美品","CSVダミーデータ 2026年9月 売上・利益・ジャンル分析検証用","ラクマ","トップス","ニット","2680","6200","210","10","sold","2026-09-27"
"DUMMY-202609-0380","グリーン ダウン 訳あり","CSVダミーデータ 2026年9月 売上・利益・ジャンル分析検証用","メルカリ","アウター","ダウン","6470","14400","850","10","sold","2026-09-17"
"DUMMY-202609-0381","レッド その他 90s","CSVダミーデータ 2026年9月 売上・利益・ジャンル分析検証用","ラクマ","その他","その他","920","2600","750","10","sold","2026-09-15"
"DUMMY-202609-0382","グリーン チノパン 良品","CSVダミーデータ 2026年9月 売上・利益・ジャンル分析検証用","Yahooフリマ","ボトムス","チノパン","3670","7200","230","5","sold","2026-09-04"
"DUMMY-202609-0383","カーキ ネックレス ヴィンテージ","CSVダミーデータ 2026年9月 売上・利益・ジャンル分析検証用","ラクマ","アクセサリー","ネックレス","1120","2800","450","10","sold","2026-09-20"
"DUMMY-202609-0384","ホワイト サンダル 人気ブランド","CSVダミーデータ 2026年9月 売上・利益・ジャンル分析検証用","ラクマ","シューズ","サンダル","3830","8900","750","10","sold","2026-09-14"
"DUMMY-202609-0385","ベージュ ダウン 人気ブランド","CSVダミーデータ 2026年9月 売上・利益・ジャンル分析検証用","メルカリ","アウター","ダウン","6580","14100","1400","10","sold","2026-09-22"
"DUMMY-202609-0386","ベージュ シャツ 人気ブランド","CSVダミーデータ 2026年9月 売上・利益・ジャンル分析検証用 / 下書きダミー","ラクマ","トップス","シャツ","2410","0","0","10","draft",""
"DUMMY-202609-0387","ネイビー ショルダーバッグ 訳あり","CSVダミーデータ 2026年9月 売上・利益・ジャンル分析検証用","メルカリ","バッグ","ショルダーバッグ","3600","6900","1000","10","sold","2026-09-05"
"DUMMY-202609-0388","ホワイト ショルダーバッグ 使用感あり","CSVダミーデータ 2026年9月 売上・利益・ジャンル分析検証用","メルカリ","バッグ","ショルダーバッグ","2770","6300","850","10","sold","2026-09-25"
"DUMMY-202609-0389","グレー トートバッグ 美品","CSVダミーデータ 2026年9月 売上・利益・ジャンル分析検証用 / 未売却ダミー","メルカリ","バッグ","トートバッグ","3770","0","0","10","selling",""
"DUMMY-202609-0390","ネイビー Tシャツ 使用感あり","CSVダミーデータ 2026年9月 売上・利益・ジャンル分析検証用","メルカリ","トップス","Tシャツ","2470","4900","210","10","sold","2026-09-27"
"DUMMY-202609-0391","グレー Tシャツ 人気ブランド","CSVダミーデータ 2026年9月 売上・利益・ジャンル分析検証用","メルカリ","トップス","Tシャツ","2520","7200","230","10","sold","2026-09-06"
"DUMMY-202609-0392","グレー コート ヴィンテージ","CSVダミーデータ 2026年9月 売上・利益・ジャンル分析検証用","メルカリ","アウター","コート","7400","20300","1200","10","sold","2026-09-12"
"DUMMY-202609-0393","ネイビー ボストンバッグ 訳あり","CSVダミーデータ 2026年9月 売上・利益・ジャンル分析検証用","メルカリ","バッグ","ボストンバッグ","3880","5100","750","10","sold","2026-09-25"
"DUMMY-202609-0394","ブラック 革靴 90s","CSVダミーデータ 2026年9月 売上・利益・ジャンル分析検証用","メルカリ","シューズ","革靴","4850","13500","520","10","sold","2026-09-15"
"DUMMY-202609-0395","カーキ レザージャケット 美品","CSVダミーデータ 2026年9月 売上・利益・ジャンル分析検証用","その他","アウター","レザージャケット","3790","11000","1400","0","sold","2026-09-22"
"DUMMY-202609-0396","レッド スラックス 訳あり","CSVダミーデータ 2026年9月 売上・利益・ジャンル分析検証用","Yahooフリマ","ボトムス","スラックス","3150","4300","230","5","sold","2026-09-11"
"DUMMY-202609-0397","カーキ ダウン 一点物","CSVダミーデータ 2026年9月 売上・利益・ジャンル分析検証用","Yahooフリマ","アウター","ダウン","7720","21900","1200","5","sold","2026-09-20"
"DUMMY-202609-0398","パープル 革靴 使用感あり","CSVダミーデータ 2026年9月 売上・利益・ジャンル分析検証用","ラクマ","シューズ","革靴","2290","6000","520","10","sold","2026-09-12"
"DUMMY-202610-0399","ブラック ショートパンツ ヴィンテージ","CSVダミーデータ 2026年10月 売上・利益・ジャンル分析検証用","メルカリ","ボトムス","ショートパンツ","2490","3700","520","10","sold","2026-10-23"
"DUMMY-202610-0400","ブルー その他 ストリート","CSVダミーデータ 2026年10月 売上・利益・ジャンル分析検証用 / 未売却ダミー","ヤフオク","その他","その他","1610","0","0","10","selling",""
"DUMMY-202610-0401","ベージュ Gジャン 美品","CSVダミーデータ 2026年10月 売上・利益・ジャンル分析検証用","ラクマ","アウター","Gジャン","7190","22400","1200","10","sold","2026-10-08"
"DUMMY-202610-0402","ネイビー Tシャツ ストリート","CSVダミーデータ 2026年10月 売上・利益・ジャンル分析検証用","Yahooフリマ","トップス","Tシャツ","2510","4300","520","5","sold","2026-10-19"
"DUMMY-202610-0403","ブラウン シャツ 人気ブランド","CSVダミーデータ 2026年10月 売上・利益・ジャンル分析検証用","メルカリ","トップス","シャツ","3150","6200","520","10","sold","2026-10-21"
"DUMMY-202610-0404","レッド ナイロンジャケット きれいめ","CSVダミーデータ 2026年10月 売上・利益・ジャンル分析検証用","Yahooフリマ","アウター","ナイロンジャケット","3810","9900","1400","5","sold","2026-10-02"
"DUMMY-202610-0405","イエロー ブーツ 一点物","CSVダミーデータ 2026年10月 売上・利益・ジャンル分析検証用","メルカリ","シューズ","ブーツ","2940","5100","520","10","sold","2026-10-21"
"DUMMY-202610-0406","ブルー その他 訳あり","CSVダミーデータ 2026年10月 売上・利益・ジャンル分析検証用","Yahooフリマ","その他","その他","910","1100","450","5","sold","2026-10-22"
"DUMMY-202610-0407","イエロー ニット ストリート","CSVダミーデータ 2026年10月 売上・利益・ジャンル分析検証用","メルカリ","トップス","ニット","2840","4500","520","10","sold","2026-10-30"
"DUMMY-202610-0408","カーキ デニム 90s","CSVダミーデータ 2026年10月 売上・利益・ジャンル分析検証用 / 未売却ダミー","メルカリ","ボトムス","デニム","2860","0","0","10","selling",""
"DUMMY-202610-0409","レッド パーカー 使用感あり","CSVダミーデータ 2026年10月 売上・利益・ジャンル分析検証用 / 下書きダミー","ヤフオク","トップス","パーカー","2420","0","0","10","draft",""
"DUMMY-202610-0410","グリーン リュック ストリート","CSVダミーデータ 2026年10月 売上・利益・ジャンル分析検証用","ヤフオク","バッグ","リュック","2300","4400","520","10","sold","2026-10-29"
"DUMMY-202610-0411","ベージュ ナイロンジャケット 90s","CSVダミーデータ 2026年10月 売上・利益・ジャンル分析検証用","メルカリ","アウター","ナイロンジャケット","4820","12700","1200","10","sold","2026-10-28"
"DUMMY-202610-0412","ホワイト シャツ 一点物","CSVダミーデータ 2026年10月 売上・利益・ジャンル分析検証用","ラクマ","トップス","シャツ","1990","4900","750","10","sold","2026-10-29"
"DUMMY-202610-0413","ブルー Gジャン 良品","CSVダミーデータ 2026年10月 売上・利益・ジャンル分析検証用","メルカリ","アウター","Gジャン","7030","15000","850","10","sold","2026-10-21"
"DUMMY-202610-0414","ベージュ トートバッグ ヴィンテージ","CSVダミーデータ 2026年10月 売上・利益・ジャンル分析検証用","メルカリ","バッグ","トートバッグ","3090","6900","1000","10","sold","2026-10-21"
"DUMMY-202610-0415","パープル その他 きれいめ","CSVダミーデータ 2026年10月 売上・利益・ジャンル分析検証用","ヤフオク","その他","その他","1740","3900","750","10","sold","2026-10-30"
"DUMMY-202610-0416","ネイビー その他 きれいめ","CSVダミーデータ 2026年10月 売上・利益・ジャンル分析検証用","その他","その他","その他","1790","3100","750","0","sold","2026-10-02"
"DUMMY-202610-0417","レッド レザージャケット 人気ブランド","CSVダミーデータ 2026年10月 売上・利益・ジャンル分析検証用","ヤフオク","アウター","レザージャケット","3970","14300","1000","10","sold","2026-10-12"
"DUMMY-202611-0418","パープル ナイロンジャケット 良品","CSVダミーデータ 2026年11月 売上・利益・ジャンル分析検証用","Yahooフリマ","アウター","ナイロンジャケット","4350","17300","1200","5","sold","2026-11-13"
"DUMMY-202611-0419","レッド ブーツ 一点物","CSVダミーデータ 2026年11月 売上・利益・ジャンル分析検証用","ヤフオク","シューズ","ブーツ","4290","14100","520","10","sold","2026-11-29"
"DUMMY-202611-0420","ホワイト サンダル ヴィンテージ","CSVダミーデータ 2026年11月 売上・利益・ジャンル分析検証用","ヤフオク","シューズ","サンダル","3640","9400","1000","10","sold","2026-11-20"
"DUMMY-202611-0421","ベージュ レザージャケット 良品","CSVダミーデータ 2026年11月 売上・利益・ジャンル分析検証用","Yahooフリマ","アウター","レザージャケット","5390","20200","1400","5","sold","2026-11-30"
"DUMMY-202611-0422","ベージュ パーカー ストリート","CSVダミーデータ 2026年11月 売上・利益・ジャンル分析検証用","メルカリ","トップス","パーカー","2440","6600","450","10","sold","2026-11-14"
"DUMMY-202611-0423","パープル 帽子 ヴィンテージ","CSVダミーデータ 2026年11月 売上・利益・ジャンル分析検証用 / 未売却ダミー","ラクマ","アクセサリー","帽子","1610","0","0","10","selling",""
"DUMMY-202611-0424","グリーン シャツ 使用感あり","CSVダミーデータ 2026年11月 売上・利益・ジャンル分析検証用","Yahooフリマ","トップス","シャツ","3420","9300","210","5","sold","2026-11-14"
"DUMMY-202611-0425","イエロー ダウン 90s","CSVダミーデータ 2026年11月 売上・利益・ジャンル分析検証用","ヤフオク","アウター","ダウン","6670","30600","1200","10","sold","2026-11-11"
"DUMMY-202611-0426","パープル ナイロンジャケット 90s","CSVダミーデータ 2026年11月 売上・利益・ジャンル分析検証用","メルカリ","アウター","ナイロンジャケット","6210","16900","1000","10","sold","2026-11-23"
"DUMMY-202611-0427","ホワイト 帽子 ヴィンテージ","CSVダミーデータ 2026年11月 売上・利益・ジャンル分析検証用","メルカリ","アクセサリー","帽子","1580","5000","230","10","sold","2026-11-22"
"DUMMY-202611-0428","ベージュ ニット 一点物","CSVダミーデータ 2026年11月 売上・利益・ジャンル分析検証用","その他","トップス","ニット","2210","8200","750","0","sold","2026-11-03"
"DUMMY-202611-0429","カーキ デニム 美品","CSVダミーデータ 2026年11月 売上・利益・ジャンル分析検証用","ヤフオク","ボトムス","デニム","2470","6000","450","10","sold","2026-11-04"
"DUMMY-202611-0430","ネイビー スウェット 使用感あり","CSVダミーデータ 2026年11月 売上・利益・ジャンル分析検証用","メルカリ","トップス","スウェット","2110","4600","450","10","sold","2026-11-27"
"DUMMY-202611-0431","ブラック シャツ 訳あり","CSVダミーデータ 2026年11月 売上・利益・ジャンル分析検証用 / 未売却ダミー","メルカリ","トップス","シャツ","2870","0","0","10","selling",""
"DUMMY-202611-0432","ブルー デニム 良品","CSVダミーデータ 2026年11月 売上・利益・ジャンル分析検証用","メルカリ","ボトムス","デニム","1880","5100","520","10","sold","2026-11-11"
"DUMMY-202611-0433","ネイビー ナイロンジャケット 良品","CSVダミーデータ 2026年11月 売上・利益・ジャンル分析検証用","メルカリ","アウター","ナイロンジャケット","6080","20900","1000","10","sold","2026-11-26"
"DUMMY-202611-0434","グレー ショートパンツ 90s","CSVダミーデータ 2026年11月 売上・利益・ジャンル分析検証用","ラクマ","ボトムス","ショートパンツ","3700","9700","750","10","sold","2026-11-22"
"DUMMY-202611-0435","ホワイト サンダル 訳あり","CSVダミーデータ 2026年11月 売上・利益・ジャンル分析検証用","ヤフオク","シューズ","サンダル","4670","10800","1000","10","sold","2026-11-18"
"DUMMY-202611-0436","グリーン スニーカー 使用感あり","CSVダミーデータ 2026年11月 売上・利益・ジャンル分析検証用","ラクマ","シューズ","スニーカー","3530","12600","850","10","sold","2026-11-21"
"DUMMY-202611-0437","ネイビー ショートパンツ ストリート","CSVダミーデータ 2026年11月 売上・利益・ジャンル分析検証用","その他","ボトムス","ショートパンツ","3060","10400","450","0","sold","2026-11-25"
"DUMMY-202611-0438","ブルー パーカー 人気ブランド","CSVダミーデータ 2026年11月 売上・利益・ジャンル分析検証用","ラクマ","トップス","パーカー","3100","8500","520","10","sold","2026-11-27"
"DUMMY-202611-0439","レッド デニム 人気ブランド","CSVダミーデータ 2026年11月 売上・利益・ジャンル分析検証用","ラクマ","ボトムス","デニム","2870","11500","520","10","sold","2026-11-16"
"DUMMY-202611-0440","グリーン Tシャツ 良品","CSVダミーデータ 2026年11月 売上・利益・ジャンル分析検証用","ヤフオク","トップス","Tシャツ","2800","5800","210","10","sold","2026-11-01"
"DUMMY-202611-0441","ブルー サンダル 訳あり","CSVダミーデータ 2026年11月 売上・利益・ジャンル分析検証用","ラクマ","シューズ","サンダル","3950","6000","750","10","sold","2026-11-04"
"DUMMY-202611-0442","イエロー リュック ストリート","CSVダミーデータ 2026年11月 売上・利益・ジャンル分析検証用","メルカリ","バッグ","リュック","2110","6200","850","10","sold","2026-11-18"
"DUMMY-202611-0443","パープル 腕時計 訳あり","CSVダミーデータ 2026年11月 売上・利益・ジャンル分析検証用","メルカリ","アクセサリー","腕時計","1620","2200","300","10","sold","2026-11-11"
"DUMMY-202611-0444","ブラウン ボストンバッグ 美品","CSVダミーデータ 2026年11月 売上・利益・ジャンル分析検証用","Yahooフリマ","バッグ","ボストンバッグ","3510","12800","850","5","sold","2026-11-28"
"DUMMY-202611-0445","カーキ スラックス 美品","CSVダミーデータ 2026年11月 売上・利益・ジャンル分析検証用","メルカリ","ボトムス","スラックス","2350","6600","210","10","sold","2026-11-21"
"DUMMY-202611-0446","レッド シャツ きれいめ","CSVダミーデータ 2026年11月 売上・利益・ジャンル分析検証用","ヤフオク","トップス","シャツ","1890","3600","210","10","sold","2026-11-14"
"DUMMY-202611-0447","カーキ スニーカー 美品","CSVダミーデータ 2026年11月 売上・利益・ジャンル分析検証用","その他","シューズ","スニーカー","2240","6100","750","0","sold","2026-11-16"
"DUMMY-202611-0448","ホワイト ショートパンツ 人気ブランド","CSVダミーデータ 2026年11月 売上・利益・ジャンル分析検証用","メルカリ","ボトムス","ショートパンツ","2770","6600","230","10","sold","2026-11-28"
"DUMMY-202611-0449","ネイビー ニット 美品","CSVダミーデータ 2026年11月 売上・利益・ジャンル分析検証用","ヤフオク","トップス","ニット","3090","11700","750","10","sold","2026-11-13"
"DUMMY-202611-0450","ブラック ニット 人気ブランド","CSVダミーデータ 2026年11月 売上・利益・ジャンル分析検証用","メルカリ","トップス","ニット","2170","5500","210","10","sold","2026-11-13"
"DUMMY-202612-0451","グリーン その他 ヴィンテージ","CSVダミーデータ 2026年12月 売上・利益・ジャンル分析検証用","ヤフオク","その他","その他","1150","4200","210","10","sold","2026-12-11"
"DUMMY-202612-0452","パープル スウェット 90s","CSVダミーデータ 2026年12月 売上・利益・ジャンル分析検証用","ヤフオク","トップス","スウェット","2100","5500","750","10","sold","2026-12-11"
"DUMMY-202612-0453","グレー スラックス 良品","CSVダミーデータ 2026年12月 売上・利益・ジャンル分析検証用","その他","ボトムス","スラックス","3490","11900","210","0","sold","2026-12-15"
"DUMMY-202612-0454","ブラウン スウェット 使用感あり","CSVダミーデータ 2026年12月 売上・利益・ジャンル分析検証用","ラクマ","トップス","スウェット","1770","7600","210","10","sold","2026-12-04"
"DUMMY-202612-0455","ベージュ サンダル ストリート","CSVダミーデータ 2026年12月 売上・利益・ジャンル分析検証用 / 未売却ダミー","ヤフオク","シューズ","サンダル","2690","0","0","10","selling",""
"DUMMY-202612-0456","ブラウン チノパン 美品","CSVダミーデータ 2026年12月 売上・利益・ジャンル分析検証用","その他","ボトムス","チノパン","2180","10300","750","0","sold","2026-12-12"
"DUMMY-202612-0457","グリーン コート 一点物","CSVダミーデータ 2026年12月 売上・利益・ジャンル分析検証用","Yahooフリマ","アウター","コート","7100","38500","1000","5","sold","2026-12-14"
"DUMMY-202612-0458","グリーン ナイロンジャケット 美品","CSVダミーデータ 2026年12月 売上・利益・ジャンル分析検証用","ヤフオク","アウター","ナイロンジャケット","6870","27000","1000","10","sold","2026-12-02"
"DUMMY-202612-0459","ブルー チノパン 90s","CSVダミーデータ 2026年12月 売上・利益・ジャンル分析検証用","メルカリ","ボトムス","チノパン","3100","9600","230","10","sold","2026-12-18"
"DUMMY-202612-0460","ネイビー Gジャン 人気ブランド","CSVダミーデータ 2026年12月 売上・利益・ジャンル分析検証用","ヤフオク","アウター","Gジャン","6560","37900","1000","10","sold","2026-12-12"
"DUMMY-202612-0461","ブラック シャツ ヴィンテージ","CSVダミーデータ 2026年12月 売上・利益・ジャンル分析検証用","ヤフオク","トップス","シャツ","3150","11700","750","10","sold","2026-12-25"
"DUMMY-202612-0462","パープル シャツ 使用感あり","CSVダミーデータ 2026年12月 売上・利益・ジャンル分析検証用","ラクマ","トップス","シャツ","3350","7600","520","10","sold","2026-12-12"
"DUMMY-202612-0463","ブラック パーカー ヴィンテージ","CSVダミーデータ 2026年12月 売上・利益・ジャンル分析検証用","ヤフオク","トップス","パーカー","2520","6300","230","10","sold","2026-12-13"
"DUMMY-202612-0464","グレー ショートパンツ 一点物","CSVダミーデータ 2026年12月 売上・利益・ジャンル分析検証用","ラクマ","ボトムス","ショートパンツ","2390","6800","750","10","sold","2026-12-08"
"DUMMY-202612-0465","ブラック ニット 一点物","CSVダミーデータ 2026年12月 売上・利益・ジャンル分析検証用","メルカリ","トップス","ニット","3160","12000","230","10","sold","2026-12-02"
"DUMMY-202612-0466","カーキ リュック 使用感あり","CSVダミーデータ 2026年12月 売上・利益・ジャンル分析検証用","ヤフオク","バッグ","リュック","3280","8900","850","10","sold","2026-12-26"
"DUMMY-202612-0467","ホワイト ショートパンツ 訳あり","CSVダミーデータ 2026年12月 売上・利益・ジャンル分析検証用 / 下書きダミー","ヤフオク","ボトムス","ショートパンツ","3420","0","0","10","draft",""
"DUMMY-202612-0468","イエロー ニット 訳あり","CSVダミーデータ 2026年12月 売上・利益・ジャンル分析検証用","その他","トップス","ニット","3390","10500","210","0","sold","2026-12-23"
"DUMMY-202612-0469","レッド 腕時計 使用感あり","CSVダミーデータ 2026年12月 売上・利益・ジャンル分析検証用","ラクマ","アクセサリー","腕時計","1950","6100","230","10","sold","2026-12-03"
"DUMMY-202612-0470","ホワイト Tシャツ 良品","CSVダミーデータ 2026年12月 売上・利益・ジャンル分析検証用","メルカリ","トップス","Tシャツ","2730","8200","210","10","sold","2026-12-05"
"DUMMY-202612-0471","ブラック スウェット 90s","CSVダミーデータ 2026年12月 売上・利益・ジャンル分析検証用","Yahooフリマ","トップス","スウェット","2780","11700","520","5","sold","2026-12-14"
"DUMMY-202612-0472","カーキ シャツ 使用感あり","CSVダミーデータ 2026年12月 売上・利益・ジャンル分析検証用 / 未売却ダミー","メルカリ","トップス","シャツ","2550","0","0","10","selling",""
"DUMMY-202612-0473","ブラック Tシャツ 一点物","CSVダミーデータ 2026年12月 売上・利益・ジャンル分析検証用","ヤフオク","トップス","Tシャツ","3040","10400","210","10","sold","2026-12-11"
"DUMMY-202612-0474","ホワイト ナイロンジャケット ヴィンテージ","CSVダミーデータ 2026年12月 売上・利益・ジャンル分析検証用 / 未売却ダミー","ラクマ","アウター","ナイロンジャケット","7680","0","0","10","selling",""
"DUMMY-202612-0475","グレー 帽子 きれいめ","CSVダミーデータ 2026年12月 売上・利益・ジャンル分析検証用","メルカリ","アクセサリー","帽子","2160","6200","230","10","sold","2026-12-01"
"DUMMY-202612-0476","ベージュ ボストンバッグ きれいめ","CSVダミーデータ 2026年12月 売上・利益・ジャンル分析検証用","メルカリ","バッグ","ボストンバッグ","3840","12300","520","10","sold","2026-12-01"
"DUMMY-202612-0477","ネイビー その他 美品","CSVダミーデータ 2026年12月 売上・利益・ジャンル分析検証用","メルカリ","その他","その他","1760","5600","450","10","sold","2026-12-23"
"DUMMY-202612-0478","ブラウン ショルダーバッグ 一点物","CSVダミーデータ 2026年12月 売上・利益・ジャンル分析検証用","ヤフオク","バッグ","ショルダーバッグ","4080","8500","1000","10","sold","2026-12-10"
"DUMMY-202612-0479","ホワイト レザージャケット 使用感あり","CSVダミーデータ 2026年12月 売上・利益・ジャンル分析検証用","ラクマ","アウター","レザージャケット","6700","34800","1200","10","sold","2026-12-08"
"DUMMY-202612-0480","パープル ショルダーバッグ ストリート","CSVダミーデータ 2026年12月 売上・利益・ジャンル分析検証用","メルカリ","バッグ","ショルダーバッグ","4180","16800","1000","10","sold","2026-12-04"
"DUMMY-202612-0481","ブルー ニット 人気ブランド","CSVダミーデータ 2026年12月 売上・利益・ジャンル分析検証用","Yahooフリマ","トップス","ニット","3130","9400","450","5","sold","2026-12-22"
"DUMMY-202612-0482","イエロー トートバッグ 人気ブランド","CSVダミーデータ 2026年12月 売上・利益・ジャンル分析検証用","メルカリ","バッグ","トートバッグ","3180","11300","1000","10","sold","2026-12-31"
"DUMMY-202612-0483","ベージュ ショートパンツ ストリート","CSVダミーデータ 2026年12月 売上・利益・ジャンル分析検証用","メルカリ","ボトムス","ショートパンツ","2760","9700","450","10","sold","2026-12-31"
"DUMMY-202612-0484","カーキ ニット ヴィンテージ","CSVダミーデータ 2026年12月 売上・利益・ジャンル分析検証用","Yahooフリマ","トップス","ニット","2820","10500","750","5","sold","2026-12-03"
"DUMMY-202612-0485","イエロー ショートパンツ きれいめ","CSVダミーデータ 2026年12月 売上・利益・ジャンル分析検証用","メルカリ","ボトムス","ショートパンツ","3040","12900","750","10","sold","2026-12-13"
"DUMMY-202612-0486","ブラウン スニーカー 美品","CSVダミーデータ 2026年12月 売上・利益・ジャンル分析検証用","メルカリ","シューズ","スニーカー","2250","10200","850","10","sold","2026-12-02"
"DUMMY-202612-0487","ブラック スニーカー 一点物","CSVダミーデータ 2026年12月 売上・利益・ジャンル分析検証用","メルカリ","シューズ","スニーカー","2780","11000","520","10","sold","2026-12-23"
"DUMMY-202612-0488","イエロー ベルト ストリート","CSVダミーデータ 2026年12月 売上・利益・ジャンル分析検証用 / 未売却ダミー","Yahooフリマ","アクセサリー","ベルト","2190","0","0","5","selling",""
"DUMMY-202612-0489","パープル ダウン きれいめ","CSVダミーデータ 2026年12月 売上・利益・ジャンル分析検証用","Yahooフリマ","アウター","ダウン","5470","32600","1400","5","sold","2026-12-13"
"DUMMY-202612-0490","ブラウン デニム ストリート","CSVダミーデータ 2026年12月 売上・利益・ジャンル分析検証用","メルカリ","ボトムス","デニム","1910","6700","210","10","sold","2026-12-22"
"DUMMY-202612-0491","ブラック ナイロンジャケット 使用感あり","CSVダミーデータ 2026年12月 売上・利益・ジャンル分析検証用","その他","アウター","ナイロンジャケット","8090","43700","750","0","sold","2026-12-15"
"DUMMY-202612-0492","ブルー ナイロンジャケット 人気ブランド","CSVダミーデータ 2026年12月 売上・利益・ジャンル分析検証用","ヤフオク","アウター","ナイロンジャケット","5570","21400","850","10","sold","2026-12-05"
"DUMMY-202612-0493","カーキ ショートパンツ 美品","CSVダミーデータ 2026年12月 売上・利益・ジャンル分析検証用","メルカリ","ボトムス","ショートパンツ","2140","9200","450","10","sold","2026-12-29"
"DUMMY-202612-0494","ネイビー デニム ストリート","CSVダミーデータ 2026年12月 売上・利益・ジャンル分析検証用","ヤフオク","ボトムス","デニム","3900","10500","520","10","sold","2026-12-04"
